{
  "variants": {
    "": [
      { "model": "minecraft:block/leaves/birch_leaves_01", "weight": 50 },
      { "model": "minecraft:block/leaves/birch_leaves_01", "weight": 50, "y": 90 },
      { "model": "minecraft:block/leaves/birch_leaves_01", "weight": 50, "y": 180 },
      { "model": "minecraft:block/leaves/birch_leaves_01", "weight": 50, "y": 270 },
      { "model": "minecraft:block/leaves/birch_leaves_02", "weight": 50 },
      { "model": "minecraft:block/leaves/birch_leaves_02", "weight": 50, "y": 90 },
      { "model": "minecraft:block/leaves/birch_leaves_02", "weight": 50, "y": 180 },
      { "model": "minecraft:block/leaves/birch_leaves_02", "weight": 50, "y": 270 },
      { "model": "minecraft:block/leaves/birch_leaves_03", "weight": 25 },
      { "model": "minecraft:block/leaves/birch_leaves_03", "weight": 25, "y": 90 },
      { "model": "minecraft:block/leaves/birch_leaves_03", "weight": 25, "y": 180 },
      { "model": "minecraft:block/leaves/birch_leaves_03", "weight": 25, "y": 270 }
	]
  }
}