{
  "variants": {
    "": [
      { "model": "minecraft:block/cornflower_01", "weight": 50 },
      { "model": "minecraft:block/cornflower_01", "weight": 50, "y": 90 },
      { "model": "minecraft:block/cornflower_01", "weight": 50, "y": 180 },
      { "model": "minecraft:block/cornflower_01", "weight": 50, "y": 270 },
      { "model": "minecraft:block/cornflower_02", "weight": 50 },
      { "model": "minecraft:block/cornflower_02", "weight": 50, "y": 90 },
      { "model": "minecraft:block/cornflower_02", "weight": 50, "y": 180 },
      { "model": "minecraft:block/cornflower_02", "weight": 50, "y": 270 }
	]
  }
}