{
  "variants": {
    "": [
      { "model": "minecraft:block/short_grass_01", "weight": 50 },
      { "model": "minecraft:block/short_grass_01", "weight": 50, "y": 90 },
      { "model": "minecraft:block/short_grass_01", "weight": 50, "y": 180 },
      { "model": "minecraft:block/short_grass_01", "weight": 50, "y": 270 },
      { "model": "minecraft:block/short_grass_02", "weight": 50 },
      { "model": "minecraft:block/short_grass_02", "weight": 50, "y": 90 },
      { "model": "minecraft:block/short_grass_02", "weight": 50, "y": 180 },
      { "model": "minecraft:block/short_grass_02", "weight": 50, "y": 270 },
      { "model": "minecraft:block/short_grass_03", "weight": 50 },
      { "model": "minecraft:block/short_grass_03", "weight": 50, "y": 90 },
      { "model": "minecraft:block/short_grass_03", "weight": 50, "y": 180 },
      { "model": "minecraft:block/short_grass_03", "weight": 50, "y": 270 },
      { "model": "minecraft:block/short_grass_04", "weight": 25 },
      { "model": "minecraft:block/short_grass_04", "weight": 25, "y": 90 },
      { "model": "minecraft:block/short_grass_04", "weight": 25, "y": 180 },
      { "model": "minecraft:block/short_grass_04", "weight": 25, "y": 270 }

	]
  }
}