{
  "variants": {
    "": [
      { "model": "minecraft:block/leaves/jungle_leaves_01" },
      { "model": "minecraft:block/leaves/jungle_leaves_01", "y": 90 },
      { "model": "minecraft:block/leaves/jungle_leaves_01", "y": 180 },
      { "model": "minecraft:block/leaves/jungle_leaves_01", "y": 270 },
      { "model": "minecraft:block/leaves/jungle_leaves_02" },
      { "model": "minecraft:block/leaves/jungle_leaves_02", "y": 90 },
      { "model": "minecraft:block/leaves/jungle_leaves_02", "y": 180 },
      { "model": "minecraft:block/leaves/jungle_leaves_02", "y": 270 }
	]
  }
}