{
  "variants": {
    "half=lower": [
      { "model": "minecraft:block/large_fern_01" },
      { "model": "minecraft:block/large_fern_01", "y": 90 },
      { "model": "minecraft:block/large_fern_01", "y": 180 },
      { "model": "minecraft:block/large_fern_01", "y": 270 },
      { "model": "minecraft:block/large_fern_02" },
      { "model": "minecraft:block/large_fern_02", "y": 90 },
      { "model": "minecraft:block/large_fern_02", "y": 180 },
      { "model": "minecraft:block/large_fern_02", "y": 270 }
  ],
    "half=upper": {
      "model": "minecraft:block/large_fern_top"
    }
  }
}