{
  "variants": {
    "": [
      { "model": "minecraft:block/lily_pad_01", "weight": 50 },
      { "model": "minecraft:block/lily_pad_01", "weight": 50, "y": 90 },
      { "model": "minecraft:block/lily_pad_01", "weight": 50, "y": 180 },
      { "model": "minecraft:block/lily_pad_01", "weight": 50, "y": 270 },
      { "model": "minecraft:block/lily_pad_02", "weight": 50 },
      { "model": "minecraft:block/lily_pad_02", "weight": 50, "y": 90 },
      { "model": "minecraft:block/lily_pad_02", "weight": 50, "y": 180 },
      { "model": "minecraft:block/lily_pad_02", "weight": 50, "y": 270 },
      { "model": "minecraft:block/lily_pad_03", "weight": 25 },
      { "model": "minecraft:block/lily_pad_03", "weight": 25, "y": 90 },
      { "model": "minecraft:block/lily_pad_03", "weight": 25, "y": 180 },
      { "model": "minecraft:block/lily_pad_03", "weight": 25, "y": 270 },
      { "model": "minecraft:block/lily_pad_04", "weight": 25 },
      { "model": "minecraft:block/lily_pad_04", "weight": 25, "y": 90 },
      { "model": "minecraft:block/lily_pad_04", "weight": 25, "y": 180 },
      { "model": "minecraft:block/lily_pad_04", "weight": 25, "y": 270 }
	]
  }
}