{
  "variants": {
    "half=lower": [
      { "model": "minecraft:block/peony_01" },
      { "model": "minecraft:block/peony_01", "y": 90 },
      { "model": "minecraft:block/peony_01", "y": 180 },
      { "model": "minecraft:block/peony_01", "y": 270 },
      { "model": "minecraft:block/peony_02" },
      { "model": "minecraft:block/peony_02", "y": 90 },
      { "model": "minecraft:block/peony_02", "y": 180 },
      { "model": "minecraft:block/peony_02", "y": 270 }
  ],
    "half=upper": {
      "model": "minecraft:block/peony_top"
    }
  }
}