{
  "multipart": [
    {
      "apply": [
        { "model": "minecraft:block/vine_01", "weight": 50 },
        { "model": "minecraft:block/vine_02", "weight": 50 }
      ],
      "when": { "north": "true" }
    },
    {
      "apply": [
        { "model": "minecraft:block/vine_01", "weight": 50 },
        { "model": "minecraft:block/vine_02", "weight": 50 }
      ],
      "when": {
        "east": "false",
        "north": "false",
        "south": "false",
        "up": "false",
        "west": "false"
      }
    },
    {
      "apply": [
        { "model": "minecraft:block/vine_01", "weight": 50, "y": 90, "uvlock": true },
        { "model": "minecraft:block/vine_02", "weight": 50, "y": 90, "uvlock": true }
      ],
      "when": { "east": "true" }
    },
    {
      "apply": [
        { "model": "minecraft:block/vine_01", "weight": 50, "y": 180, "uvlock": true },
        { "model": "minecraft:block/vine_02", "weight": 50, "y": 180, "uvlock": true }
      ],
      "when": { "south": "true" }
    },
    {
      "apply": [
        { "model": "minecraft:block/vine_01", "weight": 50, "y": 270, "uvlock": true },
        { "model": "minecraft:block/vine_02", "weight": 50, "y": 270, "uvlock": true }
      ],
      "when": { "west": "true" }
    },
    {
      "apply": [
        { "model": "minecraft:block/vine_01", "weight": 50, "x": 270, "uvlock": true },
        { "model": "minecraft:block/vine_02", "weight": 50, "x": 270, "uvlock": true }
      ],
      "when": { "up": "true" }
    }
  ]
}