{
	"credit": "Made by Arthiya with Blockbench",
	"textures": {
		"2": "block/torch_fire",
		"3": "block/torch",
		"particle": "block/torch"
	},
	"elements": [
		{
			"name": "torch",
			"from": [8, -2, 7],
			"to": [10, 8, 9],
			"rotation": {"angle": 0, "axis": "y", "origin": [9, 3, 8]},
			"faces": {
				"north": {"uv": [7, 6, 9, 16], "texture": "#3"},
				"east": {"uv": [7, 6, 9, 16], "texture": "#3"},
				"south": {"uv": [7, 6, 9, 16], "texture": "#3"},
				"west": {"uv": [7, 6, 9, 16], "texture": "#3"},
				"up": {"uv": [7, 6, 9, 8], "texture": "#3"},
				"down": {"uv": [9, 14, 7, 16], "texture": "#3", "cullface": "down"}
			}
		},
		{
			"name": "fire",
			"from": [8.66172, 5.37665, 6],
			"to": [8.66172, 14.37665, 10],
			"shade": false,
			"rotation": {"angle": 22.5, "axis": "z", "origin": [8.46396, 8.50585, 8], "rescale": true},
			"faces": {
				"east": {"uv": [6, 6, 10, 16], "texture": "#2"},
				"west": {"uv": [6, 6, 10, 16], "texture": "#2"}
			}
		}
	],
	"gui_light": "front",
	"display": {
		"thirdperson_righthand": {
			"rotation": [8.75, 90, 0],
			"translation": [0, 3.5, 3],
			"scale": [0.85, 0.85, 0.85]
		},
		"thirdperson_lefthand": {
			"rotation": [8.5, -90, 0],
			"translation": [0, 3.5, 3],
			"scale": [0.85, 0.85, 0.85]
		},
		"firstperson_righthand": {
			"rotation": [-22, 88, 0],
			"translation": [2.5, 6, -0.75]
		},
		"firstperson_lefthand": {
			"rotation": [-22, -88, 0],
			"translation": [2.5, 6, -0.75]
		},
		"ground": {
			"translation": [0, 2, 0],
			"scale": [0.5, 0.5, 0.5]
		},
		"gui": {
			"translation": [-0.75, 2, 0]
		},
		"head": {
			"rotation": [0, 90, 0],
			"translation": [0, 13, 0]
		},
		"fixed": {
			"rotation": [0, 90, 0],
			"translation": [0, 2.5, 0]
		}
	}
}