{
	"credit": "Made by Arthiya with Blockbench",
	"textures": {
		"0": "block/acacia_leaves",
		"particle": "block/acacia_leaves"
	},
	"elements": [
		{
			"from": [-12, -10, 8],
			"to": [20, 22, 8],
			"rotation": {"angle": -45, "axis": "z", "origin": [7, 1, 8]},
			"faces": {
				"north": {"uv": [16, 16, 0, 0], "rotation": 270, "texture": "#0", "tintindex": 0},
				"east": {"uv": [0, 0, 16, 0], "rotation": 90, "texture": "#missing"},
				"south": {"uv": [16, 16, 0, 0], "rotation": 90, "texture": "#0", "tintindex": 0},
				"west": {"uv": [0, 0, 16, 0], "rotation": 90, "texture": "#missing"},
				"up": {"uv": [0, 0, 0, 16], "rotation": 90, "texture": "#missing"},
				"down": {"uv": [0, 0, 0, 16], "rotation": 90, "texture": "#missing"}
			}
		},
		{
			"from": [-9, 8, -15],
			"to": [23, 8, 17],
			"rotation": {"angle": -22.5, "axis": "x", "origin": [7, 8, 3]},
			"faces": {
				"north": {"uv": [0, 0, 0, 16], "rotation": 90, "texture": "#missing"},
				"east": {"uv": [0, 0, 16, 0], "rotation": 180, "texture": "#missing"},
				"south": {"uv": [0, 0, 0, 16], "rotation": 270, "texture": "#missing"},
				"west": {"uv": [0, 0, 16, 0], "texture": "#missing"},
				"up": {"uv": [16, 16, 0, 0], "rotation": 270, "texture": "#0", "tintindex": 0},
				"down": {"uv": [16, 16, 0, 0], "rotation": 270, "texture": "#0", "tintindex": 0}
			}
		},
		{
			"from": [-5, 5.41429, 0],
			"to": [27, 5.41429, 32],
			"rotation": {"angle": 22.5, "axis": "x", "origin": [11, 6.63846, 18.48217]},
			"faces": {
				"north": {"uv": [0, 0, 0, 16], "rotation": 90, "texture": "#missing"},
				"east": {"uv": [0, 0, 16, 0], "rotation": 180, "texture": "#missing"},
				"south": {"uv": [0, 0, 0, 16], "rotation": 270, "texture": "#missing"},
				"west": {"uv": [0, 0, 16, 0], "texture": "#missing"},
				"up": {"uv": [0, 0, 16, 16], "rotation": 270, "texture": "#0", "tintindex": 0},
				"down": {"uv": [0, 0, 16, 16], "rotation": 270, "texture": "#0", "tintindex": 0}
			}
		},
		{
			"from": [0, 7, -7],
			"to": [32, 7, 25],
			"rotation": {"angle": -22.5, "axis": "z", "origin": [7, 3, 8]},
			"faces": {
				"north": {"uv": [0, 0, 16, 0], "rotation": 180, "texture": "#missing"},
				"east": {"uv": [0, 0, 0, 16], "rotation": 90, "texture": "#missing"},
				"south": {"uv": [0, 0, 16, 0], "texture": "#missing"},
				"west": {"uv": [0, 0, 0, 16], "rotation": 270, "texture": "#missing"},
				"up": {"uv": [0, 0, 16, 16], "texture": "#0", "tintindex": 0},
				"down": {"uv": [0, 0, 16, 16], "rotation": 180, "texture": "#0", "tintindex": 0}
			}
		},
		{
			"from": [-6, 9, -8],
			"to": [26, 9, 24],
			"rotation": {"angle": 22.5, "axis": "z", "origin": [7, 9, 8]},
			"faces": {
				"north": {"uv": [0, 0, 16, 0], "rotation": 180, "texture": "#missing"},
				"east": {"uv": [0, 0, 0, 16], "rotation": 90, "texture": "#missing"},
				"south": {"uv": [0, 0, 16, 0], "texture": "#missing"},
				"west": {"uv": [0, 0, 0, 16], "rotation": 270, "texture": "#missing"},
				"up": {"uv": [0, 0, 16, 16], "texture": "#0", "tintindex": 0},
				"down": {"uv": [0, 0, 16, 16], "rotation": 180, "texture": "#0", "tintindex": 0}
			}
		},
		{
			"from": [-6, -9, 7],
			"to": [26, 23, 7],
			"rotation": {"angle": -45, "axis": "y", "origin": [7, 6, 8]},
			"faces": {
				"north": {"uv": [0, 0, 16, 16], "rotation": 180, "texture": "#0", "tintindex": 0},
				"east": {"uv": [0, 0, 0, 16], "rotation": 180, "texture": "#missing"},
				"south": {"uv": [0, 0, 16, 16], "rotation": 180, "texture": "#0", "tintindex": 0},
				"west": {"uv": [0, 0, 0, 16], "rotation": 180, "texture": "#missing"},
				"up": {"uv": [0, 0, 16, 0], "rotation": 180, "texture": "#missing"},
				"down": {"uv": [0, 0, 16, 0], "rotation": 180, "texture": "#missing"}
			}
		}
	]
}