{
	"credit": "Made by Arthiya with Blockbench",
	"textures": {
		"0": "block/spruce_leaves",
		"1": "block/spruce_leaves_branch",
		"particle": "block/spruce_leaves"
	},
	"elements": [
		{
			"from": [-5, 7, -16],
			"to": [27, 7, 16],
			"rotation": {"angle": -22.5, "axis": "x", "origin": [11, 7, 0]},
			"faces": {
				"north": {"uv": [0, 0, 16, 0], "rotation": 180, "texture": "#missing"},
				"east": {"uv": [0, 0, 0, 16], "rotation": 270, "texture": "#missing"},
				"south": {"uv": [0, 0, 16, 0], "texture": "#missing"},
				"west": {"uv": [0, 0, 0, 16], "rotation": 90, "texture": "#missing"},
				"up": {"uv": [0, 0, 16, 16], "rotation": 180, "texture": "#0", "tintindex": 0},
				"down": {"uv": [0, 0, 16, 16], "texture": "#0", "tintindex": 0}
			}
		},
		{
			"from": [-9, -11, -2],
			"to": [23, 21, -2],
			"rotation": {"angle": 22.5, "axis": "x", "origin": [7, 5, -2]},
			"faces": {
				"north": {"uv": [0, 0, 16, 16], "texture": "#0", "tintindex": 0},
				"east": {"uv": [0, 0, 0, 16], "texture": "#missing"},
				"south": {"uv": [0, 0, 16, 16], "texture": "#0", "tintindex": 0},
				"west": {"uv": [0, 0, 0, 16], "texture": "#missing"},
				"up": {"uv": [0, 0, 16, 0], "texture": "#missing"},
				"down": {"uv": [0, 0, 16, 0], "texture": "#missing"}
			}
		},
		{
			"name": "Branch",
			"from": [-9, -11, -2],
			"to": [23, 21, -2],
			"rotation": {"angle": 22.5, "axis": "x", "origin": [7, 5, -2]},
			"faces": {
				"north": {"uv": [0, 0, 16, 16], "texture": "#1"},
				"east": {"uv": [0, 0, 0, 16], "texture": "#missing"},
				"south": {"uv": [0, 0, 16, 16], "texture": "#1"},
				"west": {"uv": [0, 0, 0, 16], "texture": "#missing"},
				"up": {"uv": [0, 0, 16, 0], "texture": "#missing"},
				"down": {"uv": [0, 0, 16, 0], "texture": "#missing"}
			}
		},
		{
			"from": [-9, 11, -3],
			"to": [23, 11, 29],
			"rotation": {"angle": 22.5, "axis": "x", "origin": [7, 11, 13]},
			"faces": {
				"north": {"uv": [0, 0, 16, 0], "rotation": 180, "texture": "#missing"},
				"east": {"uv": [0, 0, 0, 16], "rotation": 270, "texture": "#missing"},
				"south": {"uv": [0, 0, 16, 0], "texture": "#missing"},
				"west": {"uv": [0, 0, 0, 16], "rotation": 90, "texture": "#missing"},
				"up": {"uv": [0, 0, 16, 16], "rotation": 180, "texture": "#0", "tintindex": 0},
				"down": {"uv": [0, 0, 16, 16], "texture": "#0", "tintindex": 0}
			}
		},
		{
			"name": "Branch",
			"from": [-9, 11, -3],
			"to": [23, 11, 29],
			"rotation": {"angle": 22.5, "axis": "x", "origin": [7, 11, 13]},
			"faces": {
				"north": {"uv": [0, 0, 16, 0], "rotation": 180, "texture": "#missing"},
				"east": {"uv": [0, 0, 0, 16], "rotation": 270, "texture": "#missing"},
				"south": {"uv": [0, 0, 16, 0], "texture": "#missing"},
				"west": {"uv": [0, 0, 0, 16], "rotation": 90, "texture": "#missing"},
				"up": {"uv": [0, 0, 16, 16], "rotation": 180, "texture": "#1"},
				"down": {"uv": [0, 0, 16, 16], "texture": "#1"}
			}
		},
		{
			"from": [-5, 5, 0],
			"to": [27, 5, 32],
			"rotation": {"angle": 45, "axis": "x", "origin": [11, 5, 16]},
			"faces": {
				"north": {"uv": [0, 0, 16, 0], "rotation": 180, "texture": "#missing"},
				"east": {"uv": [0, 0, 0, 16], "rotation": 270, "texture": "#missing"},
				"south": {"uv": [0, 0, 16, 0], "texture": "#missing"},
				"west": {"uv": [0, 0, 0, 16], "rotation": 90, "texture": "#missing"},
				"up": {"uv": [0, 0, 16, 16], "rotation": 180, "texture": "#0", "tintindex": 0},
				"down": {"uv": [16, 0, 0, 16], "texture": "#0", "tintindex": 0}
			}
		},
		{
			"from": [-9, 14, -16],
			"to": [23, 14, 16],
			"rotation": {"angle": -22.5, "axis": "x", "origin": [7, 14, 0]},
			"faces": {
				"north": {"uv": [0, 0, 16, 0], "texture": "#missing"},
				"east": {"uv": [0, 0, 0, 16], "rotation": 90, "texture": "#missing"},
				"south": {"uv": [0, 0, 16, 0], "rotation": 180, "texture": "#missing"},
				"west": {"uv": [0, 0, 0, 16], "rotation": 270, "texture": "#missing"},
				"up": {"uv": [16, 0, 0, 16], "texture": "#0", "tintindex": 0},
				"down": {"uv": [0, 0, 16, 16], "rotation": 180, "texture": "#0", "tintindex": 0}
			}
		},
		{
			"from": [0, -1, -10],
			"to": [32, -1, 22],
			"rotation": {"angle": -22.5, "axis": "z", "origin": [16, -1, 6]},
			"faces": {
				"north": {"uv": [0, 0, 0, 16], "rotation": 270, "texture": "#missing"},
				"east": {"uv": [0, 0, 16, 0], "texture": "#missing"},
				"south": {"uv": [0, 0, 0, 16], "rotation": 90, "texture": "#missing"},
				"west": {"uv": [0, 0, 16, 0], "rotation": 180, "texture": "#missing"},
				"up": {"uv": [16, 0, 0, 16], "rotation": 90, "texture": "#0", "tintindex": 0},
				"down": {"uv": [0, 0, 16, 16], "rotation": 90, "texture": "#0", "tintindex": 0}
			}
		},
		{
			"from": [0, -1, -10],
			"to": [32, -1, 22],
			"rotation": {"angle": -22.5, "axis": "z", "origin": [16, -1, 6]},
			"faces": {
				"north": {"uv": [0, 0, 0, 16], "rotation": 270, "texture": "#missing"},
				"east": {"uv": [0, 0, 16, 0], "texture": "#missing"},
				"south": {"uv": [0, 0, 0, 16], "rotation": 90, "texture": "#missing"},
				"west": {"uv": [0, 0, 16, 0], "rotation": 180, "texture": "#missing"},
				"up": {"uv": [16, 0, 0, 16], "rotation": 90, "texture": "#1", "tintindex": 0},
				"down": {"uv": [0, 0, 16, 16], "rotation": 90, "texture": "#1", "tintindex": 0}
			}
		},
		{
			"from": [-16, 0, -10],
			"to": [16, 0, 22],
			"rotation": {"angle": 22.5, "axis": "z", "origin": [0, 0, 6]},
			"faces": {
				"north": {"uv": [0, 0, 0, 16], "rotation": 90, "texture": "#missing"},
				"east": {"uv": [0, 0, 16, 0], "rotation": 180, "texture": "#missing"},
				"south": {"uv": [0, 0, 0, 16], "rotation": 270, "texture": "#missing"},
				"west": {"uv": [0, 0, 16, 0], "texture": "#missing"},
				"up": {"uv": [16, 0, 0, 16], "rotation": 270, "texture": "#0", "tintindex": 0},
				"down": {"uv": [0, 0, 16, 16], "rotation": 270, "texture": "#0", "tintindex": 0}
			}
		},
		{
			"name": "Branch",
			"from": [-16, 0, -10],
			"to": [16, 0, 22],
			"rotation": {"angle": 22.5, "axis": "z", "origin": [0, 0, 6]},
			"faces": {
				"north": {"uv": [0, 0, 0, 16], "rotation": 90, "texture": "#missing"},
				"east": {"uv": [0, 0, 16, 0], "rotation": 180, "texture": "#missing"},
				"south": {"uv": [0, 0, 0, 16], "rotation": 270, "texture": "#missing"},
				"west": {"uv": [0, 0, 16, 0], "texture": "#missing"},
				"up": {"uv": [16, 0, 0, 16], "rotation": 270, "texture": "#1", "tintindex": 0},
				"down": {"uv": [0, 0, 16, 16], "rotation": 270, "texture": "#1", "tintindex": 0}
			}
		},
		{
			"from": [0, 6, -8],
			"to": [32, 6, 24],
			"rotation": {"angle": -22.5, "axis": "z", "origin": [16, 6, 8]},
			"faces": {
				"north": {"uv": [0, 0, 0, 16], "rotation": 270, "texture": "#missing"},
				"east": {"uv": [0, 0, 16, 0], "texture": "#missing"},
				"south": {"uv": [0, 0, 0, 16], "rotation": 90, "texture": "#missing"},
				"west": {"uv": [0, 0, 16, 0], "rotation": 180, "texture": "#missing"},
				"up": {"uv": [16, 16, 0, 0], "rotation": 90, "texture": "#0", "tintindex": 0},
				"down": {"uv": [16, 0, 0, 16], "rotation": 90, "texture": "#0", "tintindex": 0}
			}
		},
		{
			"name": "Branch",
			"from": [0, 6, -8],
			"to": [32, 6, 24],
			"rotation": {"angle": -22.5, "axis": "z", "origin": [16, 6, 8]},
			"faces": {
				"north": {"uv": [0, 0, 0, 16], "rotation": 270, "texture": "#missing"},
				"east": {"uv": [0, 0, 16, 0], "texture": "#missing"},
				"south": {"uv": [0, 0, 0, 16], "rotation": 90, "texture": "#missing"},
				"west": {"uv": [0, 0, 16, 0], "rotation": 180, "texture": "#missing"},
				"up": {"uv": [16, 16, 0, 0], "rotation": 90, "texture": "#1", "tintindex": 0},
				"down": {"uv": [16, 0, 0, 16], "rotation": 90, "texture": "#1", "tintindex": 0}
			}
		},
		{
			"from": [-16, 6, -9],
			"to": [16, 6, 23],
			"rotation": {"angle": 45, "axis": "z", "origin": [0, 6, 7]},
			"faces": {
				"north": {"uv": [0, 0, 0, 16], "rotation": 270, "texture": "#missing"},
				"east": {"uv": [0, 0, 16, 0], "texture": "#missing"},
				"south": {"uv": [0, 0, 0, 16], "rotation": 90, "texture": "#missing"},
				"west": {"uv": [0, 0, 16, 0], "rotation": 180, "texture": "#missing"},
				"up": {"uv": [0, 0, 16, 16], "rotation": 90, "texture": "#0", "tintindex": 0},
				"down": {"uv": [0, 0, 16, 16], "rotation": 90, "texture": "#0", "tintindex": 0}
			}
		},
		{
			"from": [-16, 14, -6],
			"to": [16, 14, 26],
			"rotation": {"angle": 22.5, "axis": "z", "origin": [0, 14, 10]},
			"faces": {
				"north": {"uv": [0, 0, 0, 16], "rotation": 270, "texture": "#missing"},
				"east": {"uv": [0, 0, 16, 0], "texture": "#missing"},
				"south": {"uv": [0, 0, 0, 16], "rotation": 90, "texture": "#missing"},
				"west": {"uv": [0, 0, 16, 0], "rotation": 180, "texture": "#missing"},
				"up": {"uv": [16, 16, 0, 0], "rotation": 90, "texture": "#0", "tintindex": 0},
				"down": {"uv": [0, 0, 16, 16], "rotation": 90, "texture": "#0", "tintindex": 0}
			}
		},
		{
			"name": "Branch",
			"from": [-16, 14, -6],
			"to": [16, 14, 26],
			"rotation": {"angle": 22.5, "axis": "z", "origin": [0, 14, 10]},
			"faces": {
				"north": {"uv": [0, 0, 0, 16], "rotation": 270, "texture": "#missing"},
				"east": {"uv": [0, 0, 16, 0], "texture": "#missing"},
				"south": {"uv": [0, 0, 0, 16], "rotation": 90, "texture": "#missing"},
				"west": {"uv": [0, 0, 16, 0], "rotation": 180, "texture": "#missing"},
				"up": {"uv": [16, 16, 0, 0], "rotation": 90, "texture": "#1"},
				"down": {"uv": [16, 16, 0, 0], "rotation": 90, "texture": "#1"}
			}
		},
		{
			"from": [6, -12, -9],
			"to": [6, 20, 23],
			"rotation": {"angle": -45, "axis": "x", "origin": [6, 4, 7]},
			"faces": {
				"north": {"uv": [0, 0, 0, 16], "rotation": 180, "texture": "#missing"},
				"east": {"uv": [0, 0, 16, 16], "rotation": 180, "texture": "#0", "tintindex": 0},
				"south": {"uv": [0, 0, 0, 16], "rotation": 180, "texture": "#missing"},
				"west": {"uv": [0, 0, 16, 16], "rotation": 180, "texture": "#0", "tintindex": 0},
				"up": {"uv": [0, 0, 16, 0], "rotation": 270, "texture": "#missing"},
				"down": {"uv": [0, 0, 16, 0], "rotation": 90, "texture": "#missing"}
			}
		},
		{
			"name": "Branch",
			"from": [9, -12, -10],
			"to": [9, 20, 22],
			"rotation": {"angle": -45, "axis": "x", "origin": [9, 4, 6]},
			"faces": {
				"north": {"uv": [0, 0, 0, 16], "rotation": 180, "texture": "#missing"},
				"east": {"uv": [0, 0, 16, 16], "rotation": 180, "texture": "#1", "tintindex": 0},
				"south": {"uv": [0, 0, 0, 16], "rotation": 180, "texture": "#missing"},
				"west": {"uv": [0, 0, 16, 16], "rotation": 180, "texture": "#1", "tintindex": 0},
				"up": {"uv": [0, 0, 16, 0], "rotation": 270, "texture": "#missing"},
				"down": {"uv": [0, 0, 16, 0], "rotation": 90, "texture": "#missing"}
			}
		},
		{
			"from": [-6, -12, 10],
			"to": [26, 20, 10],
			"rotation": {"angle": 45, "axis": "z", "origin": [10, 4, 10]},
			"faces": {
				"north": {"uv": [0, 0, 16, 16], "rotation": 180, "texture": "#0", "tintindex": 0},
				"east": {"uv": [0, 0, 0, 16], "rotation": 180, "texture": "#missing"},
				"south": {"uv": [0, 0, 16, 16], "rotation": 180, "texture": "#0", "tintindex": 0},
				"west": {"uv": [0, 0, 0, 16], "rotation": 180, "texture": "#missing"},
				"up": {"uv": [0, 0, 16, 0], "rotation": 180, "texture": "#missing"},
				"down": {"uv": [0, 0, 16, 0], "rotation": 180, "texture": "#missing"}
			}
		}
	]
}