{
	"credit": "Made by Arthiya with Blockbench",
	"texture_size": [85, 7],
	"textures": {
		"0": "block/new_flower_blade",
		"1": "block/new_flower",
		"particle": "block/new_flower_blade"
	},
	"elements": [
		{
			"name": "blade",
			"from": [11, 0, -3],
			"to": [11, 16, 13],
			"rotation": {"angle": -22.5, "axis": "y", "origin": [11, 8, 5]},
			"faces": {
				"east": {"uv": [8.25, 8, 12.25, 16], "texture": "#0"},
				"west": {"uv": [12.25, 8, 8.25, 16], "texture": "#0"}
			}
		},
		{
			"name": "blade",
			"from": [2.7, -1, 9],
			"to": [18.7, 15, 9],
			"rotation": {"angle": -45, "axis": "y", "origin": [10.7, 7, 9]},
			"faces": {
				"north": {"uv": [12, 0, 16, 8], "texture": "#0"},
				"south": {"uv": [16, 0, 12, 8], "texture": "#0"}
			}
		},
		{
			"name": "blade",
			"from": [6.7, 0, 1.5],
			"to": [6.7, 16, 17.5],
			"rotation": {"angle": -22.5, "axis": "y", "origin": [6.7, 8, 9.5]},
			"faces": {
				"east": {"uv": [16, 8, 12, 16], "texture": "#0"},
				"west": {"uv": [12, 8, 16, 16], "texture": "#0"}
			}
		},
		{
			"name": "blade",
			"from": [8, -2, -2],
			"to": [8, 14, 14],
			"rotation": {"angle": -22.5, "axis": "y", "origin": [8, 6, 6]},
			"faces": {
				"east": {"uv": [12.25, 0, 8.25, 8], "texture": "#0"},
				"west": {"uv": [8.25, 0, 12.25, 8], "texture": "#0"}
			}
		},
		{
			"name": "flower",
			"from": [8, 3, 0.6],
			"to": [15, 3, 7.6],
			"rotation": {"angle": -22.5, "axis": "z", "origin": [11.5, 3, 4.1]},
			"faces": {
				"up": {"uv": [6.58529, 0, 7.90235, 16], "rotation": 90, "texture": "#1"},
				"down": {"uv": [7.90235, 0, 6.58529, 16], "rotation": 90, "texture": "#1"}
			}
		},
		{
			"name": "flower",
			"from": [3, 3.1, 5.6],
			"to": [10, 3.1, 12.6],
			"rotation": {"angle": 22.5, "axis": "x", "origin": [6.5, 3.1, 9.1]},
			"faces": {
				"up": {"uv": [7.90235, 0, 6.58529, 16], "rotation": 90, "texture": "#1"},
				"down": {"uv": [7.90235, 0, 6.58529, 16], "rotation": 90, "texture": "#1"}
			}
		},
		{
			"name": "flower",
			"from": [4.1, 4.1, 2],
			"to": [11.1, 4.1, 9],
			"rotation": {"angle": -22.5, "axis": "x", "origin": [7.6, 4.1, 5.5]},
			"faces": {
				"up": {"uv": [7.90235, 0, 6.58529, 16], "rotation": 90, "texture": "#1"},
				"down": {"uv": [7.90235, 0, 6.58529, 16], "rotation": 90, "texture": "#1"}
			}
		},
		{
			"name": "flower",
			"from": [6.7, 6.1, 5.3],
			"to": [13.7, 6.1, 12.3],
			"rotation": {"angle": 22.5, "axis": "z", "origin": [10.2, 6.1, 8.8]},
			"faces": {
				"up": {"uv": [7.90235, 0, 6.58529, 16], "rotation": 90, "texture": "#1"},
				"down": {"uv": [7.90235, 0, 6.58529, 16], "rotation": 90, "texture": "#1"}
			}
		}
	]
}