{
	"credit": "Made by Arthiya with Blockbench",
	"texture_size": [85, 7],
	"textures": {
		"0": "block/new_flower_blade",
		"1": "block/new_flower",
		"particle": "block/new_flower_blade"
	},
	"elements": [
		{
			"name": "blade",
			"from": [-3, 0, 5],
			"to": [13, 16, 5],
			"rotation": {"angle": 22.5, "axis": "y", "origin": [5, 8, 5]},
			"faces": {
				"north": {"uv": [4, 0, 0, 8], "texture": "#0"},
				"south": {"uv": [0, 0, 4, 8], "texture": "#0"}
			}
		},
		{
			"name": "blade",
			"from": [5.5, 0, -3.8],
			"to": [5.5, 16, 12.2],
			"rotation": {"angle": 0, "axis": "y", "origin": [5.5, 8, 4.2]},
			"faces": {
				"east": {"uv": [4, 0, 8, 8], "texture": "#0"},
				"west": {"uv": [8, 0, 4, 8], "texture": "#0"}
			}
		},
		{
			"name": "flower",
			"from": [2, 11, 3.7],
			"to": [9, 11, 10.7],
			"rotation": {"angle": 22.5, "axis": "x", "origin": [5.5, 11, 7.2]},
			"faces": {
				"up": {"uv": [7.90235, 0, 9.21941, 16], "rotation": 270, "texture": "#1"},
				"down": {"uv": [9.21941, 0, 7.90235, 16], "rotation": 270, "texture": "#1"}
			}
		},
		{
			"name": "flower",
			"from": [2.1, 7.1, -2.3],
			"to": [9.1, 7.1, 4.7],
			"rotation": {"angle": -22.5, "axis": "x", "origin": [5.6, 7.1, 1.2]},
			"faces": {
				"up": {"uv": [9.21941, 0, 7.90235, 16], "rotation": 270, "texture": "#1"},
				"down": {"uv": [9.21941, 0, 7.90235, 16], "rotation": 270, "texture": "#1"}
			}
		},
		{
			"name": "flower",
			"from": [-3.2, 7.1, 3.4],
			"to": [3.8, 7.1, 10.4],
			"rotation": {"angle": 22.5, "axis": "z", "origin": [0.3, 7.1, 6.9]},
			"faces": {
				"up": {"uv": [9.21941, 0, 7.90235, 16], "rotation": 270, "texture": "#1"},
				"down": {"uv": [9.21941, 0, 7.90235, 16], "rotation": 270, "texture": "#1"}
			}
		},
		{
			"name": "flower",
			"from": [7.9, 10.2, -1.1],
			"to": [14.9, 10.2, 5.9],
			"rotation": {"angle": -22.5, "axis": "x", "origin": [11.4, 10.2, 2.4]},
			"faces": {
				"up": {"uv": [9.21941, 0, 7.90235, 16], "rotation": 270, "texture": "#1"},
				"down": {"uv": [9.21941, 0, 7.90235, 16], "rotation": 270, "texture": "#1"}
			}
		}
	]
}