{
	"credit": "Made by Arthiya with Blockbench",
	"texture_size": [85, 7],
	"textures": {
		"0": "block/new_flower_blade",
		"1": "block/new_flower",
		"particle": "block/new_flower_blade"
	},
	"elements": [
		{
			"name": "blade",
			"from": [4, 0, 4],
			"to": [20, 16, 4],
			"rotation": {"angle": 45, "axis": "y", "origin": [12, 8, 4]},
			"faces": {
				"north": {"uv": [8.25, 0, 12.25, 8], "texture": "#0"},
				"south": {"uv": [12.25, 0, 8.25, 8], "texture": "#0"}
			}
		},
		{
			"name": "blade",
			"from": [3, -1, 9],
			"to": [19, 15, 9],
			"rotation": {"angle": -45, "axis": "y", "origin": [11, 7, 9]},
			"faces": {
				"north": {"uv": [16, 0, 12, 8], "texture": "#0"},
				"south": {"uv": [12, 0, 16, 8], "texture": "#0"}
			}
		},
		{
			"name": "blade",
			"from": [7, -1, -3],
			"to": [7, 15, 13],
			"rotation": {"angle": 22.5, "axis": "y", "origin": [7, 7, 5]},
			"faces": {
				"east": {"uv": [0, 8, 4, 16], "texture": "#0"},
				"west": {"uv": [4, 8, 0, 16], "texture": "#0"}
			}
		},
		{
			"name": "flower",
			"from": [4, 9.1, 2.7],
			"to": [11, 9.1, 9.7],
			"rotation": {"angle": -22.5, "axis": "z", "origin": [7.5, 9.1, 6.2]},
			"faces": {
				"up": {"uv": [5.26824, 0, 6.58529, 16], "rotation": 270, "texture": "#1"},
				"down": {"uv": [5.26824, 0, 6.58529, 16], "rotation": 270, "texture": "#1"}
			}
		},
		{
			"name": "flower",
			"from": [9, 6.3, 0],
			"to": [16, 6.3, 7],
			"rotation": {"angle": 22.5, "axis": "x", "origin": [12.5, 6.3, 3.5]},
			"faces": {
				"up": {"uv": [5.26824, 0, 6.58529, 16], "rotation": 270, "texture": "#1"},
				"down": {"uv": [5.26824, 0, 6.58529, 16], "rotation": 270, "texture": "#1"}
			}
		},
		{
			"name": "flower",
			"from": [8, 6, 5.7],
			"to": [15, 6, 12.7],
			"rotation": {"angle": 22.5, "axis": "z", "origin": [11.5, 6, 9.2]},
			"faces": {
				"up": {"uv": [5.26824, 0, 6.58529, 16], "rotation": 270, "texture": "#1"},
				"down": {"uv": [5.26824, 0, 6.58529, 16], "rotation": 270, "texture": "#1"}
			}
		}
	]
}