{
	"credit": "Made by Arthiya with Blockbench",
	"texture_size": [85, 7],
	"textures": {
		"0": "block/new_flower_blade",
		"1": "block/new_flower",
		"particle": "block/new_flower_blade"
	},
	"elements": [
		{
			"name": "blade",
			"from": [2, -1, 6],
			"to": [18, 15, 6],
			"rotation": {"angle": -22.5, "axis": "y", "origin": [10, 7, 6]},
			"faces": {
				"north": {"uv": [12.25, 0, 8.25, 8], "texture": "#0"},
				"south": {"uv": [8.25, 0, 12.25, 8], "texture": "#0"}
			}
		},
		{
			"name": "blade",
			"from": [4.1, -2, 11.8],
			"to": [20.1, 14, 11.8],
			"rotation": {"angle": 22.5, "axis": "y", "origin": [12.1, 6, 11.8]},
			"faces": {
				"north": {"uv": [12, 0, 16, 8], "texture": "#0"},
				"south": {"uv": [16, 0, 12, 8], "texture": "#0"}
			}
		},
		{
			"name": "blade",
			"from": [-3, 0, 7],
			"to": [13, 16, 7],
			"rotation": {"angle": 45, "axis": "y", "origin": [5, 8, 7]},
			"faces": {
				"north": {"uv": [12, 0, 16, 8], "texture": "#0"},
				"south": {"uv": [16, 0, 12, 8], "texture": "#0"}
			}
		},
		{
			"name": "blade",
			"from": [-1.8, -3, 10.9],
			"to": [14.2, 13, 10.9],
			"rotation": {"angle": 45, "axis": "y", "origin": [6.2, 5, 10.9]},
			"faces": {
				"north": {"uv": [12, 0, 16, 8], "texture": "#0"},
				"south": {"uv": [16, 0, 12, 8], "texture": "#0"}
			}
		},
		{
			"name": "flower",
			"from": [1, 7.1, 4],
			"to": [8, 7.1, 11],
			"rotation": {"angle": 22.5, "axis": "x", "origin": [4.5, 7.1, 7.5]},
			"faces": {
				"up": {"uv": [0, 0, 1.31706, 16], "rotation": 180, "texture": "#1"},
				"down": {"uv": [0, 0, 1.31706, 16], "rotation": 180, "texture": "#1"}
			}
		},
		{
			"name": "flower",
			"from": [2, 4, 7.7],
			"to": [9, 4, 14.7],
			"rotation": {"angle": 22.5, "axis": "z", "origin": [5.5, 4, 11.2]},
			"faces": {
				"up": {"uv": [0, 0, 1.31706, 16], "rotation": 180, "texture": "#1"},
				"down": {"uv": [0, 0, 1.31706, 16], "rotation": 180, "texture": "#1"}
			}
		},
		{
			"name": "flower",
			"from": [5.9, 5.1, 2.2],
			"to": [12.9, 5.1, 9.2],
			"rotation": {"angle": -22.5, "axis": "x", "origin": [9.4, 5.1, 5.7]},
			"faces": {
				"up": {"uv": [0, 0, 1.31706, 16], "rotation": 180, "texture": "#1"},
				"down": {"uv": [0, 0, 1.31706, 16], "rotation": 180, "texture": "#1"}
			}
		},
		{
			"name": "flower",
			"from": [8, 5, 8.7],
			"to": [15, 5, 15.7],
			"rotation": {"angle": 22.5, "axis": "x", "origin": [11.5, 5, 12.2]},
			"faces": {
				"up": {"uv": [0, 0, 1.31706, 16], "rotation": 180, "texture": "#1"},
				"down": {"uv": [0, 0, 1.31706, 16], "rotation": 180, "texture": "#1"}
			}
		}
	]
}