{
	"credit": "Made by Arthiya with Blockbench",
	"ambientocclusion": false,
	"textures": {
		"1": "block/oak_log_top",
		"2": "block/oak_planks",
		"particle": "block/oak_log",
		"texture": "block/oak_log"
	},
	"elements": [
		{
			"from": [14, 0, 14.2],
			"to": [16, 16, 16.2],
			"shade": false,
			"faces": {
				"north": {"uv": [0, 0, 2, 16], "texture": "#texture"},
				"east": {"uv": [2, 0, 4, 16], "texture": "#texture"},
				"south": {"uv": [6, 0, 4, 16], "texture": "#texture"},
				"west": {"uv": [6, 0, 8, 16], "texture": "#texture"},
				"up": {"uv": [7, 7, 9, 9], "texture": "#1"},
				"down": {"uv": [7, 7, 9, 9], "texture": "#1"}
			}
		},
		{
			"from": [2, 5, 14.2],
			"to": [14, 7, 16.2],
			"shade": false,
			"faces": {
				"north": {"uv": [2, 0, 14, 2], "texture": "#2"},
				"east": {"uv": [2, 2, 4, 4], "texture": "#2"},
				"south": {"uv": [14, 4, 2, 6], "texture": "#2"},
				"west": {"uv": [12, 6, 14, 8], "texture": "#2"},
				"up": {"uv": [2, 8, 14, 10], "texture": "#2"},
				"down": {"uv": [2, 10, 14, 12], "texture": "#2"}
			}
		},
		{
			"from": [2, 13, 14.2],
			"to": [14, 15, 16.2],
			"shade": false,
			"rotation": {"angle": 0, "axis": "x", "origin": [8, 14, 15.2]},
			"faces": {
				"north": {"uv": [2, 8, 14, 10], "rotation": 180, "texture": "#2"},
				"east": {"uv": [2, 2, 4, 4], "rotation": 90, "texture": "#2"},
				"south": {"uv": [2, 10, 14, 12], "texture": "#2"},
				"west": {"uv": [12, 6, 14, 8], "rotation": 270, "texture": "#2"},
				"up": {"uv": [14, 4, 2, 6], "texture": "#2"},
				"down": {"uv": [2, 0, 14, 2], "rotation": 180, "texture": "#2"}
			}
		},
		{
			"from": [0, 0, 14.2],
			"to": [2, 16, 16.2],
			"shade": false,
			"faces": {
				"north": {"uv": [0, 0, 2, 16], "texture": "#texture"},
				"east": {"uv": [2, 0, 4, 16], "texture": "#texture"},
				"south": {"uv": [6, 0, 4, 16], "texture": "#texture"},
				"west": {"uv": [6, 0, 8, 16], "texture": "#texture"},
				"up": {"uv": [7, 7, 9, 9], "texture": "#1"},
				"down": {"uv": [7, 7, 9, 9], "texture": "#1"}
			}
		}
	]
}