{
	"credit": "Made by Arthiya with Blockbench",
	"textures": {
		"0": "block/ferns",
		"particle": "block/ferns"
	},
	"elements": [
		{
			"from": [14.63056, 4.54444, 2.25828],
			"to": [14.63056, 12.54444, 15.25828],
			"rotation": {"angle": -45, "axis": "z", "origin": [17.00808, 9.09741, 8.75828]},
			"faces": {
				"east": {"uv": [0.5, 8, 7, 12], "texture": "#0", "tintindex": 0},
				"west": {"uv": [0.5, 12, 7, 8], "rotation": 180, "texture": "#0", "tintindex": 0}
			}
		},
		{
			"from": [13.07472, -2.14254, 2.25828],
			"to": [13.07472, 5.85746, 15.25828],
			"rotation": {"angle": -22.5, "axis": "z", "origin": [17.00808, 9.09741, 8.75828]},
			"faces": {
				"east": {"uv": [8.5, 10.5, 15, 14.5], "texture": "#0", "tintindex": 0},
				"west": {"uv": [8.5, 14.5, 15, 10.5], "rotation": 180, "texture": "#0", "tintindex": 0}
			}
		},
		{
			"from": [19.19852, 12.61068, 2.25828],
			"to": [22.19852, 12.61068, 15.25828],
			"rotation": {"angle": 22.5, "axis": "z", "origin": [17.00808, 9.09741, 8.75828]},
			"faces": {
				"up": {"uv": [0.5, 8.5, 7, 7], "rotation": 270, "texture": "#0", "tintindex": 0},
				"down": {"uv": [0.5, 7, 7, 8.5], "rotation": 90, "texture": "#0", "tintindex": 0}
			}
		},
		{
			"from": [20.41265, 14.28102, 2.25828],
			"to": [26.41265, 14.28102, 15.25828],
			"rotation": {"angle": 0, "axis": "z", "origin": [17.00808, 9.09741, 8.75828]},
			"faces": {
				"up": {"uv": [0.5, 6.5, 7, 3.5], "rotation": 270, "texture": "#0", "tintindex": 0},
				"down": {"uv": [0.5, 3.5, 7, 6.5], "rotation": 90, "texture": "#0", "tintindex": 0}
			}
		},
		{
			"from": [8.48737, 3.08234, 2.25828],
			"to": [16.48737, 3.08234, 15.25828],
			"rotation": {"angle": 45, "axis": "z", "origin": [12.48737, 3.08234, 8.75828]},
			"faces": {
				"up": {"uv": [0.5, 12, 7, 8], "rotation": 270, "texture": "#0", "tintindex": 0},
				"down": {"uv": [0.5, 8, 7, 12], "rotation": 90, "texture": "#0", "tintindex": 0}
			}
		},
		{
			"from": [15.29852, 5.91068, 2.25828],
			"to": [18.29852, 5.91068, 15.25828],
			"rotation": {"angle": 0, "axis": "z", "origin": [13.10808, 2.39741, 8.75828]},
			"faces": {
				"up": {"uv": [0.5, 8.5, 7, 7], "rotation": 270, "texture": "#0", "tintindex": 0},
				"down": {"uv": [0.5, 7, 7, 8.5], "rotation": 90, "texture": "#0", "tintindex": 0}
			}
		},
		{
			"from": [16.51265, 7.58102, 2.25828],
			"to": [22.51265, 7.58102, 15.25828],
			"rotation": {"angle": -22.5, "axis": "z", "origin": [13.10808, 2.39741, 8.75828]},
			"faces": {
				"up": {"uv": [8.5, 6.5, 15, 3.5], "rotation": 270, "texture": "#0", "tintindex": 0},
				"down": {"uv": [8.5, 3.5, 15, 6.5], "rotation": 90, "texture": "#0", "tintindex": 0}
			}
		},
		{
			"from": [2, 8.42259, -4.70771],
			"to": [15, 8.42259, 1.29229],
			"rotation": {"angle": -22.5, "axis": "x", "origin": [8.5, 5.78596, 1.70622]},
			"faces": {
				"up": {"uv": [8.5, 3.5, 15, 6.5], "texture": "#0", "tintindex": 0},
				"down": {"uv": [8.5, 6.5, 15, 3.5], "texture": "#0", "tintindex": 0}
			}
		},
		{
			"from": [2, 7.33608, -0.46879],
			"to": [15, 7.33608, 2.53121],
			"rotation": {"angle": 22.5, "axis": "x", "origin": [8.5, 5.78596, 1.70622]},
			"faces": {
				"up": {"uv": [0.5, 7, 7, 8.5], "texture": "#0", "tintindex": 0},
				"down": {"uv": [0.5, 8.5, 7, 7], "texture": "#0", "tintindex": 0}
			}
		},
		{
			"from": [2, -1.75308, 3.05462],
			"to": [15, 6.24692, 3.05462],
			"rotation": {"angle": -22.5, "axis": "x", "origin": [8.5, 6.38596, 1.30622]},
			"faces": {
				"north": {"uv": [8.5, 12, 15, 8], "rotation": 180, "texture": "#0", "tintindex": 0},
				"south": {"uv": [8.5, 8, 15, 12], "texture": "#0", "tintindex": 0}
			}
		},
		{
			"from": [2, -0.04279, 6.96862],
			"to": [15, 4.95721, 6.96862],
			"rotation": {"angle": 0, "axis": "x", "origin": [8.5, 9.08632, 3.00589]},
			"faces": {
				"north": {"uv": [8.5, 14.5, 15, 12], "rotation": 180, "texture": "#0", "tintindex": 0},
				"south": {"uv": [8.5, 12, 15, 14.5], "texture": "#0", "tintindex": 0}
			}
		},
		{
			"from": [2, 3.78258, 5.1322],
			"to": [15, 11.78258, 5.1322],
			"rotation": {"angle": -22.5, "axis": "x", "origin": [8.5, 9.08632, 3.00589]},
			"faces": {
				"north": {"uv": [8.5, 12, 15, 8], "rotation": 180, "texture": "#0", "tintindex": 0},
				"south": {"uv": [8.5, 8, 15, 12], "texture": "#0", "tintindex": 0}
			}
		},
		{
			"from": [2, 12.09858, -1.69035],
			"to": [15, 12.09858, 1.30965],
			"rotation": {"angle": 45, "axis": "x", "origin": [8.5, 9.08632, 3.00589]},
			"faces": {
				"up": {"uv": [8.5, 6.5, 15, 8], "texture": "#0", "tintindex": 0},
				"down": {"uv": [8.5, 8, 15, 6.5], "texture": "#0", "tintindex": 0}
			}
		},
		{
			"from": [2, 15.0764, -0.9242],
			"to": [15, 15.0764, 2.0758],
			"rotation": {"angle": 22.5, "axis": "x", "origin": [8.5, 15.0764, 0.5758]},
			"faces": {
				"up": {"uv": [0.5, 7, 7, 8.5], "texture": "#0", "tintindex": 0},
				"down": {"uv": [0.5, 8.5, 7, 7], "texture": "#0", "tintindex": 0}
			}
		},
		{
			"from": [2, 14.51543, -6.55683],
			"to": [15, 14.51543, -0.55683],
			"rotation": {"angle": -22.5, "axis": "x", "origin": [8.5, 14.51543, -3.55683]},
			"faces": {
				"up": {"uv": [8.5, 3.5, 15, 6.5], "texture": "#0", "tintindex": 0},
				"down": {"uv": [8.5, 6.5, 15, 3.5], "texture": "#0", "tintindex": 0}
			}
		},
		{
			"from": [2, -2.83922, 14.12834],
			"to": [15, 5.16078, 14.12834],
			"rotation": {"angle": 45, "axis": "x", "origin": [8.5, 5.84896, 17.15828]},
			"faces": {
				"north": {"uv": [0.5, 12, 7, 8], "rotation": 180, "texture": "#0", "tintindex": 0},
				"south": {"uv": [0.5, 8, 7, 12], "texture": "#0", "tintindex": 0}
			}
		},
		{
			"from": [2, 8.3671, 15.363],
			"to": [15, 8.3671, 18.363],
			"rotation": {"angle": -22.5, "axis": "x", "origin": [8.5, 5.84896, 17.15828]},
			"faces": {
				"up": {"uv": [0.5, 8.5, 7, 7], "texture": "#0", "tintindex": 0},
				"down": {"uv": [0.5, 7, 7, 8.5], "texture": "#0", "tintindex": 0}
			}
		},
		{
			"from": [2, 8.62219, 17.25143],
			"to": [15, 8.62219, 20.25143],
			"rotation": {"angle": 0, "axis": "x", "origin": [8.5, 5.84896, 17.15828]},
			"faces": {
				"up": {"uv": [8.5, 8, 15, 6.5], "texture": "#0", "tintindex": 0},
				"down": {"uv": [8.5, 6.5, 15, 8], "texture": "#0", "tintindex": 0}
			}
		},
		{
			"from": [2, 10.0486, 17.39058],
			"to": [15, 10.0486, 23.39058],
			"rotation": {"angle": 45, "axis": "x", "origin": [8.5, 5.84896, 17.15828]},
			"faces": {
				"up": {"uv": [0.5, 6.5, 7, 3.5], "texture": "#0", "tintindex": 0},
				"down": {"uv": [0.5, 3.5, 7, 6.5], "texture": "#0", "tintindex": 0}
			}
		},
		{
			"from": [2.5, -1.04279, 2.46862],
			"to": [2.5, 3.95721, 15.46862],
			"rotation": {"angle": 45, "axis": "z", "origin": [-1.8353, 6.68923, 8.91351]},
			"faces": {
				"east": {"uv": [8.5, 12, 15, 14.5], "texture": "#0", "tintindex": 0},
				"west": {"uv": [8.5, 14.5, 15, 12], "rotation": 180, "texture": "#0", "tintindex": 0}
			}
		},
		{
			"from": [7.62981, -0.54485, 2.46862],
			"to": [7.62981, 4.45515, 15.46862],
			"rotation": {"angle": 22.5, "axis": "z", "origin": [7.62981, 1.95515, 8.96862]},
			"faces": {
				"east": {"uv": [15, 12, 8.5, 14.5], "texture": "#0", "tintindex": 0},
				"west": {"uv": [15, 14.5, 8.5, 12], "rotation": 180, "texture": "#0", "tintindex": 0}
			}
		},
		{
			"from": [-7.7924, 1.46425, 2.35839],
			"to": [-7.7924, 7.46425, 15.35839],
			"rotation": {"angle": -22.5, "axis": "z", "origin": [-1.8353, 6.68923, 8.91351]},
			"faces": {
				"east": {"uv": [8.5, 6.5, 15, 3.5], "texture": "#0", "tintindex": 0},
				"west": {"uv": [8.5, 3.5, 15, 6.5], "rotation": 180, "texture": "#0", "tintindex": 0}
			}
		},
		{
			"from": [-5.68139, 9.57854, 2.39491],
			"to": [2.31861, 9.57854, 15.39491],
			"rotation": {"angle": -22.5, "axis": "z", "origin": [-1.8353, 6.68923, 8.91351]},
			"faces": {
				"up": {"uv": [8.5, 8, 15, 12], "rotation": 270, "texture": "#0", "tintindex": 0},
				"down": {"uv": [8.5, 12, 15, 8], "rotation": 90, "texture": "#0", "tintindex": 0}
			}
		},
		{
			"from": [-5.52583, 11.44497, 2.39491],
			"to": [-2.52583, 11.44497, 15.39491],
			"rotation": {"angle": 22.5, "axis": "z", "origin": [-1.8353, 6.68923, 8.91351]},
			"faces": {
				"up": {"uv": [8.5, 6.5, 15, 8], "rotation": 270, "texture": "#0", "tintindex": 0},
				"down": {"uv": [8.5, 8, 15, 6.5], "rotation": 90, "texture": "#0", "tintindex": 0}
			}
		},
		{
			"from": [9.44156, 0.74358, 2.46862],
			"to": [9.44156, 5.74358, 15.46862],
			"rotation": {"angle": 0, "axis": "z", "origin": [3.7197, 10.09992, 8.91351]},
			"faces": {
				"east": {"uv": [15, 12, 8.5, 14.5], "texture": "#0", "tintindex": 0},
				"west": {"uv": [15, 14.5, 8.5, 12], "rotation": 180, "texture": "#0", "tintindex": 0}
			}
		},
		{
			"from": [9.47215, 5.68416, 2.46862],
			"to": [9.47215, 10.68416, 15.46862],
			"rotation": {"angle": 0, "axis": "z", "origin": [5.8197, 11.89992, 8.91351]},
			"faces": {
				"east": {"uv": [8.5, 12, 15, 14.5], "texture": "#0", "tintindex": 0},
				"west": {"uv": [8.5, 14.5, 15, 12], "rotation": 180, "texture": "#0", "tintindex": 0}
			}
		},
		{
			"from": [12.26698, 10.99959, 2.49491],
			"to": [12.26698, 18.99959, 15.49491],
			"rotation": {"angle": -22.5, "axis": "z", "origin": [9.93534, 17.98781, 8.97665]},
			"faces": {
				"east": {"uv": [8.5, 8, 15, 12], "texture": "#0", "tintindex": 0},
				"west": {"uv": [8.5, 12, 15, 8], "rotation": 180, "texture": "#0", "tintindex": 0}
			}
		},
		{
			"from": [14.30383, 18.69043, 2.49491],
			"to": [14.30383, 21.69043, 15.49491],
			"rotation": {"angle": -45, "axis": "z", "origin": [12.43534, 20.48781, 8.97665]},
			"faces": {
				"east": {"uv": [8.5, 6.5, 15, 8], "texture": "#0", "tintindex": 0},
				"west": {"uv": [8.5, 8, 15, 6.5], "rotation": 180, "texture": "#0", "tintindex": 0}
			}
		},
		{
			"from": [14.39162, 18.89517, 2.45839],
			"to": [20.39162, 18.89517, 15.45839],
			"rotation": {"angle": -22.5, "axis": "z", "origin": [17.39162, 18.89517, 8.95839]},
			"faces": {
				"up": {"uv": [8.5, 6.5, 15, 3.5], "rotation": 270, "texture": "#0", "tintindex": 0},
				"down": {"uv": [8.5, 3.5, 15, 6.5], "rotation": 90, "texture": "#0", "tintindex": 0}
			}
		},
		{
			"from": [7.76273, 4.95721, 2.20589],
			"to": [7.76273, 9.95721, 15.20589],
			"rotation": {"angle": 0, "axis": "y", "origin": [7.76273, 7.45721, 8.70589]},
			"faces": {
				"east": {"uv": [15, 12, 8.5, 14.5], "texture": "#0", "tintindex": 0},
				"west": {"uv": [15, 14.5, 8.5, 12], "rotation": 180, "texture": "#0", "tintindex": 0}
			}
		},
		{
			"from": [7.76273, -0.04279, 2.20589],
			"to": [7.76273, 4.95721, 15.20589],
			"rotation": {"angle": 0, "axis": "y", "origin": [7.76273, 2.45721, 8.70589]},
			"faces": {
				"east": {"uv": [15, 12, 8.5, 14.5], "texture": "#0", "tintindex": 0},
				"west": {"uv": [15, 14.5, 8.5, 12], "rotation": 180, "texture": "#0", "tintindex": 0}
			}
		},
		{
			"from": [6.76273, 9.75721, 2.20589],
			"to": [6.76273, 14.75721, 15.20589],
			"rotation": {"angle": 22.5, "axis": "z", "origin": [6.76273, 12.25721, 8.70589]},
			"faces": {
				"east": {"uv": [8.5, 12, 15, 14.5], "texture": "#0", "tintindex": 0},
				"west": {"uv": [8.5, 14.5, 15, 12], "rotation": 180, "texture": "#0", "tintindex": 0}
			}
		},
		{
			"from": [1.13782, 8.73188, 2.40589],
			"to": [1.13782, 16.73188, 15.40589],
			"rotation": {"angle": 45, "axis": "z", "origin": [-3.48208, 17.2829, 8.80589]},
			"faces": {
				"east": {"uv": [8.5, 8, 15, 12], "texture": "#0", "tintindex": 0},
				"west": {"uv": [8.5, 12, 15, 8], "rotation": 180, "texture": "#0", "tintindex": 0}
			}
		},
		{
			"from": [-2.82195, 20.16774, 2.20589],
			"to": [0.17805, 20.16774, 15.20589],
			"rotation": {"angle": 0, "axis": "z", "origin": [-3.48208, 17.2829, 8.80589]},
			"faces": {
				"up": {"uv": [8.5, 6.5, 15, 8], "rotation": 270, "texture": "#0", "tintindex": 0},
				"down": {"uv": [8.5, 8, 15, 6.5], "rotation": 90, "texture": "#0", "tintindex": 0}
			}
		},
		{
			"from": [-4.61961, 19.71953, 2.20589],
			"to": [-1.61961, 19.71953, 15.20589],
			"rotation": {"angle": 22.5, "axis": "z", "origin": [-3.48208, 17.2829, 8.80589]},
			"faces": {
				"up": {"uv": [0.5, 7, 7, 8.5], "rotation": 270, "texture": "#0", "tintindex": 0},
				"down": {"uv": [0.5, 8.5, 7, 7], "rotation": 90, "texture": "#0", "tintindex": 0}
			}
		},
		{
			"from": [-6.57045, 19.93475, 2.20589],
			"to": [-3.57045, 19.93475, 15.20589],
			"rotation": {"angle": 45, "axis": "z", "origin": [-3.48208, 17.2829, 8.80589]},
			"faces": {
				"up": {"uv": [0.5, 5, 7, 6.5], "rotation": 270, "texture": "#0", "tintindex": 0},
				"down": {"uv": [0.5, 6.5, 7, 5], "rotation": 90, "texture": "#0", "tintindex": 0}
			}
		},
		{
			"from": [-7.10419, 9.40583, 2.20589],
			"to": [-7.10419, 15.40583, 15.20589],
			"rotation": {"angle": -22.5, "axis": "z", "origin": [-3.48208, 17.2829, 8.80589]},
			"faces": {
				"east": {"uv": [8.5, 6.5, 15, 3.5], "texture": "#0", "tintindex": 0},
				"west": {"uv": [8.5, 3.5, 15, 6.5], "rotation": 180, "texture": "#0", "tintindex": 0}
			}
		},
		{
			"from": [2.00808, -0.14254, 9.82492],
			"to": [15.00808, 7.85746, 9.82492],
			"rotation": {"angle": 0, "axis": "y", "origin": [8.50808, 15.09741, 13.75828]},
			"faces": {
				"north": {"uv": [8.5, 14.5, 15, 10.5], "rotation": 180, "texture": "#0", "tintindex": 0},
				"south": {"uv": [8.5, 10.5, 15, 14.5], "texture": "#0", "tintindex": 0}
			}
		},
		{
			"from": [2.00808, 7.85746, 9.82492],
			"to": [15.00808, 15.85746, 9.82492],
			"rotation": {"angle": 0, "axis": "y", "origin": [8.50808, 15.09741, 13.75828]},
			"faces": {
				"north": {"uv": [15, 14.5, 8.5, 10.5], "rotation": 180, "texture": "#0", "tintindex": 0},
				"south": {"uv": [15, 10.5, 8.5, 14.5], "texture": "#0", "tintindex": 0}
			}
		},
		{
			"from": [2.00808, 15.53996, 11.45003],
			"to": [15.00808, 23.53996, 11.45003],
			"rotation": {"angle": 22.5, "axis": "x", "origin": [8.50808, 19.53996, 11.45003]},
			"faces": {
				"north": {"uv": [0.5, 12, 7, 8], "rotation": 180, "texture": "#0", "tintindex": 0},
				"south": {"uv": [0.5, 8, 7, 12], "texture": "#0", "tintindex": 0}
			}
		},
		{
			"from": [2.0184, 24.43911, 11.39179],
			"to": [15.0184, 24.43911, 14.39179],
			"rotation": {"angle": -45, "axis": "x", "origin": [8.5184, 25.70782, 13.6]},
			"faces": {
				"up": {"uv": [0.5, 8.5, 7, 7], "texture": "#0", "tintindex": 0},
				"down": {"uv": [0.5, 7, 7, 8.5], "texture": "#0", "tintindex": 0}
			}
		},
		{
			"from": [2.0184, 26.47654, 14.80821],
			"to": [15.0184, 26.47654, 20.80821],
			"rotation": {"angle": -22.5, "axis": "x", "origin": [8.5184, 26.47654, 17.80821]},
			"faces": {
				"up": {"uv": [0.5, 6.5, 7, 3.5], "texture": "#0", "tintindex": 0},
				"down": {"uv": [0.5, 3.5, 7, 6.5], "texture": "#0", "tintindex": 0}
			}
		}
	],
	"groups": [
		{
			"name": "fern",
			"origin": [14.1734, 9.60674, 8.75828],
			"color": 0,
			"children": [0, 1, 2, 3]
		},
		{
			"name": "fern",
			"origin": [14.1734, 9.60674, 8.75828],
			"color": 0,
			"children": [4, 5, 6]
		},
		{
			"name": "fern",
			"origin": [8.5, 3.08632, 3.00589],
			"color": 0,
			"children": [7, 8, 9]
		},
		{
			"name": "fern",
			"origin": [8.5, 15.79197, -0.14161],
			"color": 0,
			"children": [10, 11, 12, 13, 14]
		},
		{
			"name": "fern",
			"origin": [8.5, 6.13456, 13.75828],
			"color": 0,
			"children": [15, 16, 17, 18]
		},
		{
			"name": "fern",
			"origin": [-1.5772, 11.7299, 8.89491],
			"color": 0,
			"children": [19, 20, 21, 22, 23]
		},
		{
			"name": "fern",
			"origin": [-1.5772, 11.7299, 8.89491],
			"color": 0,
			"children": [24, 25, 26, 27, 28]
		},
		{
			"name": "fern",
			"origin": [8.5, 15.79197, -0.14161],
			"color": 0,
			"children": [29, 30, 31, 32, 33, 34, 35, 36]
		},
		{
			"name": "fern",
			"origin": [14.1734, 9.60674, 8.75828],
			"color": 0,
			"children": [37, 38, 39, 40, 41]
		}
	]
}