{
	"credit": "Made with Blockbench",
	"texture_size": [28, 9],
	"textures": {
		"0": "block/flowers_tall_leaves",
		"1": "block/flowers_tall",
		"particle": "block/flowers_tall_leaves"
	},
	"elements": [
		{
			"name": "leaves",
			"from": [8, -1, -8],
			"to": [8, 31, 24],
			"rotation": {"angle": -22.5, "axis": "y", "origin": [8, -1, 8]},
			"faces": {
				"north": {"uv": [0, 0, 0, 16], "texture": "#missing"},
				"east": {"uv": [12, 0, 16, 16], "texture": "#0"},
				"south": {"uv": [0, 0, 0, 16], "texture": "#missing"},
				"west": {"uv": [12, 0, 16, 16], "texture": "#0"},
				"up": {"uv": [0, 0, 16, 0], "rotation": 270, "texture": "#missing"},
				"down": {"uv": [0, 0, 16, 0], "rotation": 90, "texture": "#missing"}
			}
		},
		{
			"name": "leaves",
			"from": [-9, -2, 8],
			"to": [23, 30, 8],
			"rotation": {"angle": 45, "axis": "y", "origin": [7, -2, 8]},
			"faces": {
				"north": {"uv": [12, 0, 16, 16], "texture": "#0"},
				"east": {"uv": [0, 0, 0, 16], "texture": "#missing"},
				"south": {"uv": [12, 0, 16, 16], "texture": "#0"},
				"west": {"uv": [0, 0, 0, 16], "texture": "#missing"},
				"up": {"uv": [0, 0, 16, 0], "texture": "#missing"},
				"down": {"uv": [0, 0, 16, 0], "texture": "#missing"}
			}
		},
		{
			"name": "leaves",
			"from": [-8, -4, 9],
			"to": [24, 28, 9],
			"rotation": {"angle": 22.5, "axis": "y", "origin": [8, -4, 9]},
			"faces": {
				"north": {"uv": [12, 0, 16, 16], "texture": "#0"},
				"east": {"uv": [0, 0, 0, 16], "texture": "#missing"},
				"south": {"uv": [12, 0, 16, 16], "texture": "#0"},
				"west": {"uv": [0, 0, 0, 16], "texture": "#missing"},
				"up": {"uv": [0, 0, 16, 0], "texture": "#missing"},
				"down": {"uv": [0, 0, 16, 0], "texture": "#missing"}
			}
		},
		{
			"name": "leaves",
			"from": [-9, -5, 8],
			"to": [23, 27, 8],
			"rotation": {"angle": -22.5, "axis": "y", "origin": [7, -5, 8]},
			"faces": {
				"north": {"uv": [12, 0, 16, 16], "texture": "#0"},
				"east": {"uv": [0, 0, 0, 16], "texture": "#missing"},
				"south": {"uv": [12, 0, 16, 16], "texture": "#0"},
				"west": {"uv": [0, 0, 0, 16], "texture": "#missing"},
				"up": {"uv": [0, 0, 16, 0], "rotation": 180, "texture": "#missing"},
				"down": {"uv": [0, 0, 16, 0], "rotation": 180, "texture": "#missing"}
			}
		},
		{
			"name": "leaves",
			"from": [10, -2, -9],
			"to": [10, 30, 23],
			"rotation": {"angle": 22.5, "axis": "y", "origin": [10, -2, 7]},
			"faces": {
				"north": {"uv": [0, 0, 0, 16], "texture": "#missing"},
				"east": {"uv": [12, 0, 16, 16], "texture": "#0"},
				"south": {"uv": [0, 0, 0, 16], "texture": "#missing"},
				"west": {"uv": [12, 0, 16, 16], "texture": "#0"},
				"up": {"uv": [0, 0, 16, 0], "rotation": 270, "texture": "#missing"},
				"down": {"uv": [0, 0, 16, 0], "rotation": 90, "texture": "#missing"}
			}
		},
		{
			"name": "leaves",
			"from": [8, -5, -8],
			"to": [8, 27, 24],
			"rotation": {"angle": 45, "axis": "y", "origin": [8, -5, 8]},
			"faces": {
				"north": {"uv": [0, 0, 0, 16], "texture": "#missing"},
				"east": {"uv": [12, 0, 16, 16], "texture": "#0"},
				"south": {"uv": [0, 0, 0, 16], "texture": "#missing"},
				"west": {"uv": [12, 0, 16, 16], "texture": "#0"},
				"up": {"uv": [0, 0, 16, 0], "rotation": 270, "texture": "#missing"},
				"down": {"uv": [0, 0, 16, 0], "rotation": 90, "texture": "#missing"}
			}
		},
		{
			"name": "flower",
			"from": [-2.5, 15.5, 0],
			"to": [4.5, 15.5, 7],
			"rotation": {"angle": -22.5, "axis": "z", "origin": [1, 15.5, 3.5]},
			"faces": {
				"north": {"uv": [0, 0, 0, 7], "rotation": 90, "texture": "#missing"},
				"east": {"uv": [0, 0, 0, 7], "rotation": 270, "texture": "#missing"},
				"south": {"uv": [0, 0, 0, 7], "rotation": 270, "texture": "#missing"},
				"west": {"uv": [0, 0, 0, 7], "rotation": 270, "texture": "#missing"},
				"up": {"uv": [10.28571, 0, 5.14286, 16], "rotation": 270, "texture": "#1"},
				"down": {"uv": [5.14286, 0, 10.28571, 16], "rotation": 270, "texture": "#1"}
			}
		},
		{
			"name": "flower",
			"from": [1.7, 6.5, -2.1],
			"to": [8.7, 6.5, 4.9],
			"rotation": {"angle": 22.5, "axis": "x", "origin": [5.2, 6.5, 1.4]},
			"faces": {
				"north": {"uv": [0, 0, 0, 7], "rotation": 270, "texture": "#missing"},
				"east": {"uv": [0, 0, 0, 7], "rotation": 90, "texture": "#missing"},
				"south": {"uv": [0, 0, 0, 7], "rotation": 270, "texture": "#missing"},
				"west": {"uv": [0, 0, 0, 7], "rotation": 270, "texture": "#missing"},
				"up": {"uv": [10.28571, 0, 5.14286, 16], "rotation": 270, "texture": "#1"},
				"down": {"uv": [5.14286, 0, 10.28571, 16], "rotation": 270, "texture": "#1"}
			}
		},
		{
			"name": "flower",
			"from": [-0.3, 3.5, 1.9],
			"to": [6.7, 3.5, 8.9],
			"rotation": {"angle": 22.5, "axis": "y", "origin": [3.2, 3.5, 5.4]},
			"faces": {
				"north": {"uv": [0, 0, 0, 7], "rotation": 270, "texture": "#missing"},
				"east": {"uv": [0, 0, 0, 7], "rotation": 90, "texture": "#missing"},
				"south": {"uv": [0, 0, 0, 7], "rotation": 270, "texture": "#missing"},
				"west": {"uv": [0, 0, 0, 7], "rotation": 270, "texture": "#missing"},
				"up": {"uv": [10.28571, 0, 5.14286, 16], "rotation": 270, "texture": "#1"},
				"down": {"uv": [5.14286, 0, 10.28571, 16], "rotation": 270, "texture": "#1"}
			}
		},
		{
			"name": "flower",
			"from": [2.7, 12.5, -1.1],
			"to": [9.7, 12.5, 5.9],
			"rotation": {"angle": -22.5, "axis": "y", "origin": [6.2, 12.5, 2.4]},
			"faces": {
				"north": {"uv": [0, 0, 0, 7], "rotation": 270, "texture": "#missing"},
				"east": {"uv": [0, 0, 0, 7], "rotation": 90, "texture": "#missing"},
				"south": {"uv": [0, 0, 0, 7], "rotation": 270, "texture": "#missing"},
				"west": {"uv": [0, 0, 0, 7], "rotation": 270, "texture": "#missing"},
				"up": {"uv": [10.28571, 0, 5.14286, 16], "rotation": 270, "texture": "#1"},
				"down": {"uv": [5.14286, 0, 10.28571, 16], "rotation": 270, "texture": "#1"}
			}
		},
		{
			"name": "flower",
			"from": [5.7, 3.5, -3.1],
			"to": [12.7, 3.5, 3.9],
			"rotation": {"angle": 45, "axis": "y", "origin": [9.2, 3.5, 0.4]},
			"faces": {
				"north": {"uv": [0, 0, 0, 7], "rotation": 270, "texture": "#missing"},
				"east": {"uv": [0, 0, 0, 7], "rotation": 270, "texture": "#missing"},
				"south": {"uv": [0, 0, 0, 7], "rotation": 90, "texture": "#missing"},
				"west": {"uv": [0, 0, 0, 7], "rotation": 270, "texture": "#missing"},
				"up": {"uv": [10.28571, 0, 5.14286, 16], "texture": "#1"},
				"down": {"uv": [5.14286, 0, 10.28571, 16], "rotation": 180, "texture": "#1"}
			}
		},
		{
			"name": "flower",
			"from": [2.7, 17.5, 1.9],
			"to": [9.7, 17.5, 8.9],
			"rotation": {"angle": -22.5, "axis": "z", "origin": [6.2, 17.5, 5.4]},
			"faces": {
				"north": {"uv": [0, 0, 0, 7], "rotation": 270, "texture": "#missing"},
				"east": {"uv": [0, 0, 0, 7], "rotation": 90, "texture": "#missing"},
				"south": {"uv": [0, 0, 0, 7], "rotation": 270, "texture": "#missing"},
				"west": {"uv": [0, 0, 0, 7], "rotation": 270, "texture": "#missing"},
				"up": {"uv": [10.28571, 0, 5.14286, 16], "rotation": 270, "texture": "#1"},
				"down": {"uv": [5.14286, 0, 10.28571, 16], "rotation": 270, "texture": "#1"}
			}
		},
		{
			"name": "flower",
			"from": [0.7, 20.5, 3.9],
			"to": [7.7, 20.5, 10.9],
			"rotation": {"angle": -22.5, "axis": "z", "origin": [4.2, 20.5, 7.4]},
			"faces": {
				"north": {"uv": [0, 0, 0, 7], "rotation": 270, "texture": "#missing"},
				"east": {"uv": [0, 0, 0, 7], "rotation": 90, "texture": "#missing"},
				"south": {"uv": [0, 0, 0, 7], "rotation": 270, "texture": "#missing"},
				"west": {"uv": [0, 0, 0, 7], "rotation": 270, "texture": "#missing"},
				"up": {"uv": [10.28571, 0, 5.14286, 16], "rotation": 270, "texture": "#1"},
				"down": {"uv": [5.14286, 0, 10.28571, 16], "rotation": 270, "texture": "#1"}
			}
		},
		{
			"name": "flower",
			"from": [9.7, 15.5, 0.9],
			"to": [16.7, 15.5, 7.9],
			"rotation": {"angle": -22.5, "axis": "z", "origin": [13.2, 15.5, 4.4]},
			"faces": {
				"north": {"uv": [0, 0, 0, 7], "rotation": 90, "texture": "#missing"},
				"east": {"uv": [0, 0, 0, 7], "rotation": 90, "texture": "#missing"},
				"south": {"uv": [0, 0, 0, 7], "rotation": 270, "texture": "#missing"},
				"west": {"uv": [0, 0, 0, 7], "rotation": 90, "texture": "#missing"},
				"up": {"uv": [10.28571, 16, 5.14286, 0], "rotation": 270, "texture": "#1"},
				"down": {"uv": [5.14286, 16, 10.28571, 0], "rotation": 270, "texture": "#1"}
			}
		},
		{
			"name": "flower",
			"from": [9.7, 19.5, 4.9],
			"to": [16.7, 19.5, 11.9],
			"rotation": {"angle": -22.5, "axis": "x", "origin": [13.2, 19.5, 8.4]},
			"faces": {
				"north": {"uv": [0, 0, 0, 7], "rotation": 90, "texture": "#missing"},
				"east": {"uv": [0, 0, 0, 7], "rotation": 90, "texture": "#missing"},
				"south": {"uv": [0, 0, 0, 7], "rotation": 270, "texture": "#missing"},
				"west": {"uv": [0, 0, 0, 7], "rotation": 90, "texture": "#missing"},
				"up": {"uv": [5.14286, 16, 10.28571, 0], "rotation": 270, "texture": "#1"},
				"down": {"uv": [10.28571, 16, 5.14286, 0], "rotation": 270, "texture": "#1"}
			}
		},
		{
			"name": "flower",
			"from": [10.7, 4.5, 5.9],
			"to": [17.7, 4.5, 12.9],
			"rotation": {"angle": -45, "axis": "y", "origin": [14.2, 4.5, 9.4]},
			"faces": {
				"north": {"uv": [0, 0, 0, 7], "rotation": 90, "texture": "#missing"},
				"east": {"uv": [0, 0, 0, 7], "rotation": 90, "texture": "#missing"},
				"south": {"uv": [0, 0, 0, 7], "rotation": 270, "texture": "#missing"},
				"west": {"uv": [0, 0, 0, 7], "rotation": 90, "texture": "#missing"},
				"up": {"uv": [10.28571, 16, 5.14286, 0], "rotation": 270, "texture": "#1"},
				"down": {"uv": [5.14286, 16, 10.28571, 0], "rotation": 270, "texture": "#1"}
			}
		},
		{
			"name": "flower",
			"from": [9.7, 12.5, 5.9],
			"to": [16.7, 12.5, 12.9],
			"rotation": {"angle": -22.5, "axis": "z", "origin": [13.2, 12.5, 9.4]},
			"faces": {
				"north": {"uv": [0, 0, 0, 7], "rotation": 90, "texture": "#missing"},
				"east": {"uv": [0, 0, 0, 7], "rotation": 90, "texture": "#missing"},
				"south": {"uv": [0, 0, 0, 7], "rotation": 270, "texture": "#missing"},
				"west": {"uv": [0, 0, 0, 7], "rotation": 90, "texture": "#missing"},
				"up": {"uv": [5.14286, 16, 10.28571, 0], "rotation": 270, "texture": "#1"},
				"down": {"uv": [10.28571, 16, 5.14286, 0], "rotation": 270, "texture": "#1"}
			}
		},
		{
			"name": "flower",
			"from": [4.7, 7.5, 9.9],
			"to": [11.7, 7.5, 16.9],
			"rotation": {"angle": 22.5, "axis": "y", "origin": [8.2, 7.5, 13.4]},
			"faces": {
				"north": {"uv": [0, 0, 0, 7], "rotation": 90, "texture": "#missing"},
				"east": {"uv": [0, 0, 0, 7], "rotation": 90, "texture": "#missing"},
				"south": {"uv": [0, 0, 0, 7], "rotation": 90, "texture": "#missing"},
				"west": {"uv": [0, 0, 0, 7], "rotation": 270, "texture": "#missing"},
				"up": {"uv": [5.14286, 0, 10.28571, 16], "rotation": 270, "texture": "#1"},
				"down": {"uv": [10.28571, 0, 5.14286, 16], "rotation": 270, "texture": "#1"}
			}
		},
		{
			"name": "flower",
			"from": [0.7, 13.5, 8.9],
			"to": [7.7, 13.5, 15.9],
			"rotation": {"angle": 45, "axis": "y", "origin": [4.2, 13.5, 12.4]},
			"faces": {
				"north": {"uv": [0, 0, 0, 7], "rotation": 270, "texture": "#missing"},
				"east": {"uv": [0, 0, 0, 7], "rotation": 90, "texture": "#missing"},
				"south": {"uv": [0, 0, 0, 7], "rotation": 90, "texture": "#missing"},
				"west": {"uv": [0, 0, 0, 7], "rotation": 90, "texture": "#missing"},
				"up": {"uv": [5.14286, 0, 10.28571, 16], "rotation": 270, "texture": "#1"},
				"down": {"uv": [10.28571, 0, 5.14286, 16], "rotation": 270, "texture": "#1"}
			}
		},
		{
			"name": "flower",
			"from": [9.7, 2.5, 1.9],
			"to": [16.7, 2.5, 8.9],
			"rotation": {"angle": -22.5, "axis": "y", "origin": [13.2, 2.5, 5.4]},
			"faces": {
				"north": {"uv": [0, 0, 0, 7], "rotation": 90, "texture": "#missing"},
				"east": {"uv": [0, 0, 0, 7], "rotation": 90, "texture": "#missing"},
				"south": {"uv": [0, 0, 0, 7], "rotation": 270, "texture": "#missing"},
				"west": {"uv": [0, 0, 0, 7], "rotation": 90, "texture": "#missing"},
				"up": {"uv": [10.28571, 16, 5.14286, 0], "rotation": 270, "texture": "#1"},
				"down": {"uv": [5.14286, 16, 10.28571, 0], "rotation": 270, "texture": "#1"}
			}
		},
		{
			"name": "flower",
			"from": [9.7, 7.5, 1.9],
			"to": [16.7, 7.5, 8.9],
			"rotation": {"angle": 22.5, "axis": "x", "origin": [13.2, 7.5, 5.4]},
			"faces": {
				"north": {"uv": [0, 0, 0, 7], "rotation": 90, "texture": "#missing"},
				"east": {"uv": [0, 0, 0, 7], "rotation": 90, "texture": "#missing"},
				"south": {"uv": [0, 0, 0, 7], "rotation": 270, "texture": "#missing"},
				"west": {"uv": [0, 0, 0, 7], "rotation": 90, "texture": "#missing"},
				"up": {"uv": [10.28571, 16, 5.14286, 0], "rotation": 270, "texture": "#1"},
				"down": {"uv": [5.14286, 16, 10.28571, 0], "rotation": 270, "texture": "#1"}
			}
		},
		{
			"name": "flower",
			"from": [-3.3, 4.5, 7.9],
			"to": [3.7, 4.5, 14.9],
			"rotation": {"angle": -22.5, "axis": "x", "origin": [0.2, 4.5, 11.4]},
			"faces": {
				"north": {"uv": [0, 0, 0, 7], "rotation": 270, "texture": "#missing"},
				"east": {"uv": [0, 0, 0, 7], "rotation": 90, "texture": "#missing"},
				"south": {"uv": [0, 0, 0, 7], "rotation": 90, "texture": "#missing"},
				"west": {"uv": [0, 0, 0, 7], "rotation": 90, "texture": "#missing"},
				"up": {"uv": [5.14286, 0, 10.28571, 16], "rotation": 270, "texture": "#1"},
				"down": {"uv": [10.28571, 0, 5.14286, 16], "rotation": 270, "texture": "#1"}
			}
		},
		{
			"name": "flower",
			"from": [-1.3, 10.5, 4.9],
			"to": [5.7, 10.5, 11.9],
			"rotation": {"angle": -45, "axis": "y", "origin": [2.2, 10.5, 8.4]},
			"faces": {
				"north": {"uv": [0, 0, 0, 7], "rotation": 270, "texture": "#missing"},
				"east": {"uv": [0, 0, 0, 7], "rotation": 90, "texture": "#missing"},
				"south": {"uv": [0, 0, 0, 7], "rotation": 90, "texture": "#missing"},
				"west": {"uv": [0, 0, 0, 7], "rotation": 90, "texture": "#missing"},
				"up": {"uv": [5.14286, 0, 10.28571, 16], "rotation": 270, "texture": "#1"},
				"down": {"uv": [10.28571, 0, 5.14286, 16], "rotation": 270, "texture": "#1"}
			}
		},
		{
			"name": "flower",
			"from": [0.7, 15.5, 4.9],
			"to": [7.7, 15.5, 11.9],
			"rotation": {"angle": 22.5, "axis": "z", "origin": [4.2, 15.5, 8.4]},
			"faces": {
				"north": {"uv": [0, 0, 0, 7], "rotation": 270, "texture": "#missing"},
				"east": {"uv": [0, 0, 0, 7], "rotation": 90, "texture": "#missing"},
				"south": {"uv": [0, 0, 0, 7], "rotation": 90, "texture": "#missing"},
				"west": {"uv": [0, 0, 0, 7], "rotation": 90, "texture": "#missing"},
				"up": {"uv": [5.14286, 0, 10.28571, 16], "rotation": 270, "texture": "#1"},
				"down": {"uv": [10.28571, 0, 5.14286, 16], "rotation": 270, "texture": "#1"}
			}
		},
		{
			"name": "flower",
			"from": [4.7, 16.5, 7.9],
			"to": [11.7, 16.5, 14.9],
			"rotation": {"angle": 22.5, "axis": "x", "origin": [8.2, 16.5, 11.4]},
			"faces": {
				"north": {"uv": [0, 0, 0, 7], "rotation": 90, "texture": "#missing"},
				"east": {"uv": [0, 0, 0, 7], "rotation": 90, "texture": "#missing"},
				"south": {"uv": [0, 0, 0, 7], "rotation": 270, "texture": "#missing"},
				"west": {"uv": [0, 0, 0, 7], "rotation": 90, "texture": "#missing"},
				"up": {"uv": [5.14286, 0, 10.28571, 16], "rotation": 180, "texture": "#1"},
				"down": {"uv": [10.28571, 0, 5.14286, 16], "texture": "#1"}
			}
		},
		{
			"name": "flower",
			"from": [5.7, 20.5, 9.9],
			"to": [12.7, 20.5, 16.9],
			"rotation": {"angle": -45, "axis": "y", "origin": [9.2, 20.5, 13.4]},
			"faces": {
				"north": {"uv": [0, 0, 0, 7], "rotation": 90, "texture": "#missing"},
				"east": {"uv": [0, 0, 0, 7], "rotation": 90, "texture": "#missing"},
				"south": {"uv": [0, 0, 0, 7], "rotation": 270, "texture": "#missing"},
				"west": {"uv": [0, 0, 0, 7], "rotation": 90, "texture": "#missing"},
				"up": {"uv": [5.14286, 16, 10.28571, 0], "rotation": 270, "texture": "#1"},
				"down": {"uv": [10.28571, 16, 5.14286, 0], "rotation": 270, "texture": "#1"}
			}
		},
		{
			"name": "flower",
			"from": [4.7, 2.5, 8.9],
			"to": [11.7, 2.5, 15.9],
			"rotation": {"angle": 22.5, "axis": "x", "origin": [8.2, 2.5, 12.4]},
			"faces": {
				"north": {"uv": [0, 0, 0, 7], "rotation": 90, "texture": "#missing"},
				"east": {"uv": [0, 0, 0, 7], "rotation": 90, "texture": "#missing"},
				"south": {"uv": [0, 0, 0, 7], "rotation": 270, "texture": "#missing"},
				"west": {"uv": [0, 0, 0, 7], "rotation": 90, "texture": "#missing"},
				"up": {"uv": [5.14286, 16, 10.28571, 0], "rotation": 270, "texture": "#1"},
				"down": {"uv": [10.28571, 16, 5.14286, 0], "rotation": 270, "texture": "#1"}
			}
		},
		{
			"name": "flower",
			"from": [4.7, 13.5, 9.9],
			"to": [11.7, 13.5, 16.9],
			"rotation": {"angle": -22.5, "axis": "y", "origin": [8.2, 13.5, 13.4]},
			"faces": {
				"north": {"uv": [0, 0, 0, 7], "rotation": 90, "texture": "#missing"},
				"east": {"uv": [0, 0, 0, 7], "rotation": 90, "texture": "#missing"},
				"south": {"uv": [0, 0, 0, 7], "rotation": 270, "texture": "#missing"},
				"west": {"uv": [0, 0, 0, 7], "rotation": 90, "texture": "#missing"},
				"up": {"uv": [5.14286, 0, 10.28571, 16], "rotation": 180, "texture": "#1"},
				"down": {"uv": [10.28571, 0, 5.14286, 16], "texture": "#1"}
			}
		}
	],
	"groups": [
		{
			"name": "leaves",
			"origin": [8, -5, 8],
			"color": 0,
			"children": [0, 1, 2, 3, 4, 5]
		},
		{
			"name": "flowers",
			"origin": [8.2, 13.5, 13.4],
			"color": 0,
			"children": [6, 7, 8, 9, 10, 11, 12, 13, 14, 15, 16, 17, 18, 19, 20, 21, 22, 23, 24, 25, 26, 27]
		}
	]
}