{
	"credit": "Made by Arthiya with Blockbench",
	"textures": {
		"0": "block/lily_pad",
		"1": "block/lily_pad_root",
		"particle": "block/lily_pad"
	},
	"elements": [
		{
			"from": [-1, 2, 0],
			"to": [15, 2, 16],
			"rotation": {"angle": -45, "axis": "y", "origin": [8, 1, 8]},
			"faces": {
				"up": {"uv": [8, 0, 16, 16], "texture": "#0", "tintindex": 0},
				"down": {"uv": [8, 0, 16, 16], "texture": "#0", "tintindex": 0}
			}
		},
		{
			"from": [5.42462, -14, 7.42462],
			"to": [9.42462, 2, 7.42462],
			"rotation": {"angle": -22.5, "axis": "y", "origin": [7.42462, -7, 9.42462]},
			"faces": {
				"north": {"uv": [6, 0, 11, 16], "texture": "#1"},
				"south": {"uv": [1, 0, 6, 16], "texture": "#1"}
			}
		},
		{
			"from": [7.42462, -14, 5.42462],
			"to": [7.42462, 2, 9.42462],
			"rotation": {"angle": -22.5, "axis": "y", "origin": [7.42462, -7, 9.42462]},
			"faces": {
				"east": {"uv": [11, 0, 15, 16], "texture": "#1"},
				"west": {"uv": [7, 0, 11, 16], "texture": "#1"}
			}
		}
	]
}