{
	"credit": "Made by Arthiya with Blockbench",
	"texture_size": [14, 7],
	"textures": {
		"0": "block/lily_pad",
		"1": "block/lily_pad_root",
		"2": "block/lily_pad_flower",
		"particle": "block/lily_pad"
	},
	"elements": [
		{
			"name": "lilypad",
			"from": [-5, 2, -3],
			"to": [11, 2, 13],
			"rotation": {"angle": 45, "axis": "y", "origin": [3, 1, 5]},
			"faces": {
				"up": {"uv": [8, 0, 16, 16], "rotation": 90, "texture": "#0", "tintindex": 0},
				"down": {"uv": [8, 0, 16, 16], "rotation": 270, "texture": "#0", "tintindex": 0}
			}
		},
		{
			"name": "root",
			"from": [-0.57538, -14, 6.42462],
			"to": [3.42462, 2, 6.42462],
			"rotation": {"angle": -22.5, "axis": "y", "origin": [2.42462, -7, 6.42462]},
			"faces": {
				"north": {"uv": [11, 0, 16, 16], "texture": "#1"},
				"south": {"uv": [11, 0, 16, 16], "texture": "#1"}
			}
		},
		{
			"name": "root",
			"from": [1.52462, -14, 4.42462],
			"to": [1.52462, 2, 8.42462],
			"rotation": {"angle": -22.5, "axis": "y", "origin": [2.42462, -7, 6.42462]},
			"faces": {
				"east": {"uv": [6, 0, 11, 16], "texture": "#1"},
				"west": {"uv": [6, 0, 11, 16], "texture": "#1"}
			}
		},
		{
			"name": "lilypad",
			"from": [2, 1, 3],
			"to": [18, 1, 19],
			"rotation": {"angle": -22.5, "axis": "y", "origin": [10, 0, 11]},
			"faces": {
				"up": {"uv": [8, 0, 16, 16], "rotation": 90, "texture": "#0", "tintindex": 0},
				"down": {"uv": [8, 0, 16, 16], "rotation": 270, "texture": "#0", "tintindex": 0}
			}
		},
		{
			"name": "root",
			"from": [7.42462, -15, 11.22462],
			"to": [11.42462, 1, 11.22462],
			"rotation": {"angle": -22.5, "axis": "y", "origin": [9.42462, -8, 12.42462]},
			"faces": {
				"north": {"uv": [11, 0, 16, 16], "texture": "#1"},
				"south": {"uv": [11, 0, 16, 16], "texture": "#1"}
			}
		},
		{
			"name": "root",
			"from": [9.42462, -15, 8.42462],
			"to": [9.42462, 1, 12.42462],
			"rotation": {"angle": -22.5, "axis": "y", "origin": [9.42462, -8, 12.42462]},
			"faces": {
				"east": {"uv": [1, 0, 6, 16], "texture": "#1"},
				"west": {"uv": [1, 0, 6, 16], "texture": "#1"}
			}
		},
		{
			"name": "root",
			"from": [10.43896, -16, 2.28828],
			"to": [14.43896, 0, 2.28828],
			"rotation": {"angle": 22.5, "axis": "y", "origin": [12.43896, -8, 2.23828]},
			"faces": {
				"north": {"uv": [11, 0, 16, 16], "texture": "#1"},
				"south": {"uv": [11, 0, 16, 16], "texture": "#1"}
			}
		},
		{
			"name": "root",
			"from": [12.43896, -16, 0.18828],
			"to": [12.43896, 0, 4.18828],
			"rotation": {"angle": 22.5, "axis": "y", "origin": [12.43896, -8, 2.23828]},
			"faces": {
				"east": {"uv": [6, 0, 11, 16], "texture": "#1"},
				"west": {"uv": [6, 0, 11, 16], "texture": "#1"}
			}
		},
		{
			"name": "flower",
			"from": [9.13207, 1, 1.76225],
			"to": [16.13207, 1, 8.76225],
			"rotation": {"angle": -22.5, "axis": "x", "origin": [12.63207, 1, 5.26225]},
			"faces": {
				"up": {"uv": [8, 0, 0, 16], "rotation": 180, "texture": "#2"},
				"down": {"uv": [8, 16, 0, 0], "rotation": 180, "texture": "#2"}
			}
		},
		{
			"name": "flower",
			"from": [9.13207, 1.6, 1.16225],
			"to": [16.13207, 1.6, 8.16225],
			"rotation": {"angle": -45, "axis": "x", "origin": [12.63207, 1.6, 4.66225]},
			"faces": {
				"up": {"uv": [8, 0, 0, 16], "rotation": 180, "texture": "#2"},
				"down": {"uv": [8, 16, 0, 0], "rotation": 180, "texture": "#2"}
			}
		},
		{
			"name": "flower",
			"from": [9.13207, -2.5, 2.26225],
			"to": [16.13207, 4.5, 2.26225],
			"rotation": {"angle": 22.5, "axis": "y", "origin": [12.63207, 1, 2.26225]},
			"faces": {
				"north": {"uv": [16, 0, 8, 16], "texture": "#2"},
				"south": {"uv": [16, 16, 8, 0], "rotation": 180, "texture": "#2"}
			}
		},
		{
			"name": "flower",
			"from": [12.63207, -2.5, -1.23775],
			"to": [12.63207, 4.5, 5.76225],
			"rotation": {"angle": 22.5, "axis": "y", "origin": [12.63207, 1, 2.26225]},
			"faces": {
				"east": {"uv": [16, 16, 8, 0], "rotation": 180, "texture": "#2"},
				"west": {"uv": [16, 0, 8, 16], "texture": "#2"}
			}
		},
		{
			"name": "flower",
			"from": [9.13207, 1, -4.23775],
			"to": [16.13207, 1, 2.76225],
			"rotation": {"angle": 22.5, "axis": "x", "origin": [12.63207, 1, -0.73775]},
			"faces": {
				"up": {"uv": [8, 16, 0, 0], "rotation": 180, "texture": "#2"},
				"down": {"uv": [8, 0, 0, 16], "rotation": 180, "texture": "#2"}
			}
		},
		{
			"name": "flower",
			"from": [11.13207, 0.1, -3.93775],
			"to": [18.13207, 0.1, 3.06225],
			"rotation": {"angle": -45, "axis": "y", "origin": [14.63207, 0.1, 0.26225]},
			"faces": {
				"up": {"uv": [8, 16, 0, 0], "rotation": 180, "texture": "#2"},
				"down": {"uv": [8, 0, 0, 16], "rotation": 180, "texture": "#2"}
			}
		},
		{
			"name": "flower",
			"from": [14.43207, 0.1, -0.23775],
			"to": [21.43207, 0.1, 6.76225],
			"rotation": {"angle": -45, "axis": "y", "origin": [14.63207, 0.1, 0.26225]},
			"faces": {
				"up": {"uv": [8, 16, 0, 0], "rotation": 270, "texture": "#2"},
				"down": {"uv": [8, 0, 0, 16], "rotation": 90, "texture": "#2"}
			}
		},
		{
			"name": "flower",
			"from": [7.9442, 0.1, 4.61702],
			"to": [14.9442, 0.1, 11.61702],
			"rotation": {"angle": -45, "axis": "y", "origin": [14.8442, 0.1, 4.71702]},
			"faces": {
				"up": {"uv": [8, 16, 0, 0], "texture": "#2"},
				"down": {"uv": [8, 0, 0, 16], "texture": "#2"}
			}
		},
		{
			"name": "flower",
			"from": [8.13207, 0.1, -6.73775],
			"to": [15.13207, 0.1, 0.26225],
			"rotation": {"angle": 45, "axis": "y", "origin": [14.63207, 0.1, 0.26225]},
			"faces": {
				"up": {"uv": [8, 16, 0, 0], "rotation": 180, "texture": "#2"},
				"down": {"uv": [8, 0, 0, 16], "rotation": 180, "texture": "#2"}
			}
		},
		{
			"name": "flower",
			"from": [9.13207, 1.5, -3.73775],
			"to": [16.13207, 1.5, 3.26225],
			"rotation": {"angle": 45, "axis": "x", "origin": [12.63207, 1.5, -0.23775]},
			"faces": {
				"up": {"uv": [8, 16, 0, 0], "rotation": 180, "texture": "#2"},
				"down": {"uv": [8, 0, 0, 16], "rotation": 180, "texture": "#2"}
			}
		},
		{
			"name": "flower",
			"from": [6.03207, 1, -1.23775],
			"to": [13.03207, 1, 5.76225],
			"rotation": {"angle": -22.5, "axis": "z", "origin": [9.53207, 1, 2.26225]},
			"faces": {
				"up": {"uv": [8, 16, 0, 0], "rotation": 90, "texture": "#2"},
				"down": {"uv": [8, 0, 0, 16], "rotation": 270, "texture": "#2"}
			}
		},
		{
			"name": "flower",
			"from": [6.63207, 1.6, -1.23775],
			"to": [13.63207, 1.6, 5.76225],
			"rotation": {"angle": -45, "axis": "z", "origin": [10.13207, 1.6, 2.26225]},
			"faces": {
				"up": {"uv": [8, 16, 0, 0], "rotation": 90, "texture": "#2"},
				"down": {"uv": [8, 0, 0, 16], "rotation": 270, "texture": "#2"}
			}
		},
		{
			"name": "flower",
			"from": [11.93207, 1, -1.23775],
			"to": [18.93207, 1, 5.76225],
			"rotation": {"angle": 22.5, "axis": "z", "origin": [15.43207, 1, 2.26225]},
			"faces": {
				"up": {"uv": [8, 0, 0, 16], "rotation": 90, "texture": "#2"},
				"down": {"uv": [8, 16, 0, 0], "rotation": 270, "texture": "#2"}
			}
		},
		{
			"name": "flower",
			"from": [14.73207, -2.1, -1.23775],
			"to": [14.73207, 4.9, 5.76225],
			"rotation": {"angle": -45, "axis": "z", "origin": [14.73207, 1.4, 2.26225]},
			"faces": {
				"east": {"uv": [8, 16, 0, 0], "rotation": 180, "texture": "#2"},
				"west": {"uv": [8, 0, 0, 16], "texture": "#2"}
			}
		}
	],
	"groups": [
		{
			"name": "lily pad",
			"origin": [2.42462, -7, 6.42462],
			"color": 0,
			"children": [0, 1, 2]
		},
		{
			"name": "lily pad",
			"origin": [2.42462, -7, 6.42462],
			"color": 0,
			"children": [3, 4, 5]
		},
		{
			"name": "flower",
			"origin": [8, 8, 8],
			"color": 0,
			"children": [6, 7, 8, 9, 10, 11, 12, 13, 14, 15, 16, 17, 18, 19, 20, 21]
		}
	]
}