{
	"credit": "Made with Blockbench",
	"texture_size": [64, 7],
	"textures": {
		"0": "block/new_flower_blade",
		"1": "block/flowers_leaves",
		"2": "block/new_flower",
		"particle": "block/new_flower_blade"
	},
	"elements": [
		{
			"name": "leave",
			"from": [11.79762, -0.9, -2.44203],
			"to": [11.79762, 15.1, 13.55797],
			"rotation": {"angle": -22.5, "axis": "z", "origin": [7.29762, 6, 2.45797]},
			"faces": {
				"east": {"uv": [16, 0, 8.3, 16], "texture": "#1"},
				"west": {"uv": [8.25, 0, 16, 16], "texture": "#1"}
			}
		},
		{
			"name": "leave",
			"from": [16.09762, -2.2, -0.84203],
			"to": [16.09762, 13.8, 15.15797],
			"rotation": {"angle": -22.5, "axis": "z", "origin": [11.59762, 4.7, 4.05797]},
			"faces": {
				"east": {"uv": [16, 0, 8.3, 16], "texture": "#1"},
				"west": {"uv": [8.25, 0, 16, 16], "texture": "#1"}
			}
		},
		{
			"name": "leave",
			"from": [16.09762, -4.9, -2.44203],
			"to": [16.09762, 11.1, 13.55797],
			"rotation": {"angle": -45, "axis": "y", "origin": [11.59762, 2, 2.45797]},
			"faces": {
				"east": {"uv": [16, 0, 8.3, 16], "texture": "#1"},
				"west": {"uv": [8.25, 0, 16, 16], "texture": "#1"}
			}
		},
		{
			"name": "leave",
			"from": [5.79762, -3.9, 3.55797],
			"to": [5.79762, 12.1, 19.55797],
			"rotation": {"angle": 45, "axis": "y", "origin": [1.29762, 3, 8.45797]},
			"faces": {
				"east": {"uv": [16, 0, 8.3, 16], "texture": "#1"},
				"west": {"uv": [8.25, 0, 16, 16], "texture": "#1"}
			}
		},
		{
			"name": "leave",
			"from": [-3.80238, -1.9, 13.65797],
			"to": [12.19762, 14.1, 13.65797],
			"rotation": {"angle": 22.5, "axis": "x", "origin": [4.19762, 6.1, 8.95797]},
			"faces": {
				"north": {"uv": [8.25, 0, 16, 16], "texture": "#1"},
				"south": {"uv": [8.3, 0, 16, 16], "texture": "#1"}
			}
		},
		{
			"name": "leave",
			"from": [-4.40238, -5.3, 8.95797],
			"to": [11.59762, 10.7, 8.95797],
			"rotation": {"angle": 22.5, "axis": "y", "origin": [4.19762, 6.1, 8.95797]},
			"faces": {
				"north": {"uv": [8.25, 0, 16, 16], "texture": "#1"},
				"south": {"uv": [8.3, 0, 16, 16], "texture": "#1"}
			}
		},
		{
			"name": "leave",
			"from": [0.79228, -5.4, 13.45064],
			"to": [16.79228, 10.6, 13.45064],
			"rotation": {"angle": -45, "axis": "y", "origin": [8.79228, 2.6, 13.45064]},
			"faces": {
				"north": {"uv": [8.25, 0, 16, 16], "texture": "#1"},
				"south": {"uv": [8.3, 0, 16, 16], "texture": "#1"}
			}
		},
		{
			"name": "leave",
			"from": [1.89762, -2.10139, 8.00021],
			"to": [17.89762, 13.89861, 8.00021],
			"rotation": {"angle": -22.5, "axis": "x", "origin": [6.19762, 8.89861, 13.30021]},
			"faces": {
				"north": {"uv": [8.25, 0, 16, 16], "texture": "#1"},
				"south": {"uv": [8.3, 0, 16, 16], "texture": "#1"}
			}
		},
		{
			"name": "leave",
			"from": [3.49762, -3.90125, 14.55169],
			"to": [19.49762, 12.09875, 14.55169],
			"rotation": {"angle": 22.5, "axis": "x", "origin": [11.49762, 4.09875, 14.55169]},
			"faces": {
				"north": {"uv": [8.25, 0, 16, 16], "texture": "#1"},
				"south": {"uv": [8.3, 0, 16, 16], "texture": "#1"}
			}
		},
		{
			"name": "blade",
			"from": [0.4, 0, 6],
			"to": [16.4, 16, 6],
			"rotation": {"angle": 22.5, "axis": "y", "origin": [9, 8, 5]},
			"faces": {
				"north": {"uv": [7.75, 0, 3.75, 8], "texture": "#0"},
				"south": {"uv": [3.75, 0, 7.75, 8], "texture": "#0"}
			}
		},
		{
			"name": "blade",
			"from": [4.47452, -1, 2.11127],
			"to": [4.47452, 15, 18.11127],
			"rotation": {"angle": -22.5, "axis": "y", "origin": [4.47452, 7, 10.11127]},
			"faces": {
				"east": {"uv": [8, 8, 4, 16], "texture": "#0"},
				"west": {"uv": [4, 8, 8, 16], "texture": "#0"}
			}
		},
		{
			"name": "blade",
			"from": [5.4, 0, 11],
			"to": [21.4, 16, 11],
			"rotation": {"angle": -45, "axis": "y", "origin": [11, 8, 7]},
			"faces": {
				"north": {"uv": [4, 0, 0, 8], "texture": "#0"},
				"south": {"uv": [0, 0, 4, 8], "texture": "#0"}
			}
		},
		{
			"name": "blade",
			"from": [14.47452, 0, -1.88873],
			"to": [14.47452, 16, 14.11127],
			"rotation": {"angle": -22.5, "axis": "y", "origin": [14.47452, 8, 6.11127]},
			"faces": {
				"east": {"uv": [8, 8, 4, 16], "texture": "#0"},
				"west": {"uv": [4, 8, 8, 16], "texture": "#0"}
			}
		},
		{
			"name": "flower",
			"from": [9, 6.34226, 0.22182],
			"to": [16, 6.34226, 7.22182],
			"rotation": {"angle": -45, "axis": "x", "origin": [12.5, 6.74226, 3.72182]},
			"faces": {
				"up": {"uv": [9.22471, 0, 10.54176, 16], "texture": "#2"},
				"down": {"uv": [9.22471, 0, 10.54176, 16], "texture": "#2"}
			}
		},
		{
			"name": "flower",
			"from": [3.4, 6.34226, 3.62182],
			"to": [10.4, 6.34226, 10.62182],
			"rotation": {"angle": -45, "axis": "x", "origin": [6.9, 6.74226, 7.12182]},
			"faces": {
				"up": {"uv": [9.22471, 0, 10.54176, 16], "texture": "#2"},
				"down": {"uv": [9.22471, 0, 10.54176, 16], "texture": "#2"}
			}
		},
		{
			"name": "flower",
			"from": [5.5, 3.84226, 5.52182],
			"to": [12.5, 10.84226, 5.52182],
			"rotation": {"angle": 22.5, "axis": "x", "origin": [9, 7.34226, 5.12182]},
			"faces": {
				"north": {"uv": [9.22471, 0, 10.54176, 16], "texture": "#2"},
				"south": {"uv": [9.22471, 0, 10.54176, 16], "texture": "#2"}
			}
		},
		{
			"name": "flower",
			"from": [3.7, 3.94226, 6.62182],
			"to": [3.7, 10.94226, 13.62182],
			"rotation": {"angle": -22.5, "axis": "z", "origin": [3.3, 7.44226, 10.12182]},
			"faces": {
				"east": {"uv": [9.22471, 0, 10.54176, 16], "texture": "#2"},
				"west": {"uv": [9.22471, 0, 10.54176, 16], "texture": "#2"}
			}
		},
		{
			"name": "flower",
			"from": [5.2, -0.05774, 5.82182],
			"to": [5.2, 6.94226, 12.82182],
			"rotation": {"angle": -22.5, "axis": "z", "origin": [4.8, 3.44226, 9.32182]},
			"faces": {
				"east": {"uv": [9.22471, 0, 10.54176, 16], "texture": "#2"},
				"west": {"uv": [9.22471, 0, 10.54176, 16], "texture": "#2"}
			}
		},
		{
			"name": "flower",
			"from": [15, 4.64226, 2.62182],
			"to": [15, 11.64226, 9.62182],
			"rotation": {"angle": 22.5, "axis": "z", "origin": [14.6, 8.14226, 6.12182]},
			"faces": {
				"east": {"uv": [9.22471, 0, 10.54176, 16], "texture": "#2"},
				"west": {"uv": [9.22471, 0, 10.54176, 16], "texture": "#2"}
			}
		},
		{
			"name": "flower",
			"from": [10.9, 1.84226, 8.72182],
			"to": [17.9, 8.84226, 8.72182],
			"rotation": {"angle": -22.5, "axis": "x", "origin": [14.4, 5.34226, 8.32182]},
			"faces": {
				"north": {"uv": [9.22471, 0, 10.54176, 16], "texture": "#2"},
				"south": {"uv": [9.22471, 0, 10.54176, 16], "texture": "#2"}
			}
		},
		{
			"name": "flower",
			"from": [11, -0.55774, 4.72182],
			"to": [18, 6.44226, 4.72182],
			"rotation": {"angle": 22.5, "axis": "x", "origin": [14.5, 2.94226, 5.12182]},
			"faces": {
				"north": {"uv": [9.22471, 0, 10.54176, 16], "texture": "#2"},
				"south": {"uv": [9.22471, 0, 10.54176, 16], "texture": "#2"}
			}
		},
		{
			"name": "flower",
			"from": [4, 7.54937, 7.09461],
			"to": [11, 14.54937, 7.09461],
			"rotation": {"angle": -45, "axis": "x", "origin": [7.5, 11.04937, 7.09461]},
			"faces": {
				"north": {"uv": [9.22471, 0, 10.54176, 16], "texture": "#2"},
				"south": {"uv": [9.22471, 0, 10.54176, 16], "texture": "#2"}
			}
		},
		{
			"name": "flower",
			"from": [14.8, 6.74937, 12.59461],
			"to": [14.8, 13.74937, 19.59461],
			"rotation": {"angle": 22.5, "axis": "z", "origin": [14.8, 10.24937, 16.09461]},
			"faces": {
				"east": {"uv": [9.22471, 0, 10.54176, 16], "texture": "#2"},
				"west": {"uv": [9.22471, 0, 10.54176, 16], "texture": "#2"}
			}
		},
		{
			"name": "flower",
			"from": [9.4, 4.04937, 14.59461],
			"to": [16.4, 11.04937, 14.59461],
			"rotation": {"angle": -22.5, "axis": "x", "origin": [12.9, 7.54937, 14.59461]},
			"faces": {
				"north": {"uv": [9.22471, 0, 10.54176, 16], "texture": "#2"},
				"south": {"uv": [9.22471, 0, 10.54176, 16], "texture": "#2"}
			}
		}
	]
}