{
	"credit": "Made with Blockbench",
	"texture_size": [64, 7],
	"textures": {
		"0": "block/new_flower_blade",
		"1": "block/flowers_leaves",
		"2": "block/new_flower",
		"particle": "block/new_flower_blade"
	},
	"elements": [
		{
			"name": "leave",
			"from": [10.79762, -0.9, -0.44203],
			"to": [10.79762, 15.1, 15.55797],
			"rotation": {"angle": -22.5, "axis": "z", "origin": [6.29762, 6, 4.45797]},
			"faces": {
				"east": {"uv": [16, 0, 8.3, 16], "texture": "#1"},
				"west": {"uv": [8.25, 0, 16, 16], "texture": "#1"}
			}
		},
		{
			"name": "leave",
			"from": [-4.80238, -0.9, 13.65797],
			"to": [11.19762, 15.1, 13.65797],
			"rotation": {"angle": 22.5, "axis": "x", "origin": [3.19762, 7.1, 8.95797]},
			"faces": {
				"north": {"uv": [8.25, 0, 16, 16], "texture": "#1"},
				"south": {"uv": [8.3, 0, 16, 16], "texture": "#1"}
			}
		},
		{
			"name": "leave",
			"from": [-5.40238, -4.3, 8.95797],
			"to": [10.59762, 11.7, 8.95797],
			"rotation": {"angle": 22.5, "axis": "y", "origin": [3.19762, 7.1, 8.95797]},
			"faces": {
				"north": {"uv": [8.25, 0, 16, 16], "texture": "#1"},
				"south": {"uv": [8.3, 0, 16, 16], "texture": "#1"}
			}
		},
		{
			"name": "leave",
			"from": [11.29314, -5.4, -0.27276],
			"to": [11.29314, 10.6, 15.72724],
			"rotation": {"angle": -45, "axis": "y", "origin": [6.89314, 3.7, 7.42724]},
			"faces": {
				"east": {"uv": [8.25, 0, 16, 16], "texture": "#1"},
				"west": {"uv": [8.3, 0, 16, 16], "texture": "#1"}
			}
		},
		{
			"name": "leave",
			"from": [-1.10238, -2.10139, 8.00021],
			"to": [14.89762, 13.89861, 8.00021],
			"rotation": {"angle": -22.5, "axis": "x", "origin": [3.19762, 8.89861, 13.30021]},
			"faces": {
				"north": {"uv": [8.25, 0, 16, 16], "texture": "#1"},
				"south": {"uv": [8.3, 0, 16, 16], "texture": "#1"}
			}
		},
		{
			"name": "blade",
			"from": [-0.6, 0, 8],
			"to": [15.4, 16, 8],
			"rotation": {"angle": 22.5, "axis": "y", "origin": [8, 8, 7]},
			"faces": {
				"north": {"uv": [7.75, 0, 3.75, 8], "texture": "#0"},
				"south": {"uv": [3.75, 0, 7.75, 8], "texture": "#0"}
			}
		},
		{
			"name": "blade",
			"from": [3.47452, 0, 2.11127],
			"to": [3.47452, 16, 18.11127],
			"rotation": {"angle": -22.5, "axis": "y", "origin": [3.47452, 8, 10.11127]},
			"faces": {
				"east": {"uv": [8, 8, 4, 16], "texture": "#0"},
				"west": {"uv": [4, 8, 8, 16], "texture": "#0"}
			}
		},
		{
			"name": "blade",
			"from": [2.4, 0, 11],
			"to": [18.4, 16, 11],
			"rotation": {"angle": -45, "axis": "y", "origin": [8, 8, 7]},
			"faces": {
				"north": {"uv": [4, 0, 0, 8], "texture": "#0"},
				"south": {"uv": [0, 0, 4, 8], "texture": "#0"}
			}
		},
		{
			"name": "flower",
			"from": [8, 6.34226, 2.22182],
			"to": [15, 6.34226, 9.22182],
			"rotation": {"angle": -45, "axis": "x", "origin": [11.5, 6.74226, 5.72182]},
			"faces": {
				"up": {"uv": [9.22471, 0, 10.54176, 16], "texture": "#2"},
				"down": {"uv": [9.22471, 0, 10.54176, 16], "texture": "#2"}
			}
		},
		{
			"name": "flower",
			"from": [0.4, 6.34226, 3.62182],
			"to": [7.4, 6.34226, 10.62182],
			"rotation": {"angle": -45, "axis": "x", "origin": [3.9, 6.74226, 7.12182]},
			"faces": {
				"up": {"uv": [9.22471, 0, 10.54176, 16], "texture": "#2"},
				"down": {"uv": [9.22471, 0, 10.54176, 16], "texture": "#2"}
			}
		},
		{
			"name": "flower",
			"from": [4.5, 3.84226, 7.52182],
			"to": [11.5, 10.84226, 7.52182],
			"rotation": {"angle": 22.5, "axis": "x", "origin": [8, 7.34226, 7.12182]},
			"faces": {
				"north": {"uv": [9.22471, 0, 10.54176, 16], "texture": "#2"},
				"south": {"uv": [9.22471, 0, 10.54176, 16], "texture": "#2"}
			}
		},
		{
			"name": "flower",
			"from": [2.7, 4.94226, 6.62182],
			"to": [2.7, 11.94226, 13.62182],
			"rotation": {"angle": -22.5, "axis": "z", "origin": [2.3, 8.44226, 10.12182]},
			"faces": {
				"east": {"uv": [9.22471, 0, 10.54176, 16], "texture": "#2"},
				"west": {"uv": [9.22471, 0, 10.54176, 16], "texture": "#2"}
			}
		},
		{
			"name": "flower",
			"from": [4.2, 0.94226, 5.82182],
			"to": [4.2, 7.94226, 12.82182],
			"rotation": {"angle": -22.5, "axis": "z", "origin": [3.8, 4.44226, 9.32182]},
			"faces": {
				"east": {"uv": [9.22471, 0, 10.54176, 16], "texture": "#2"},
				"west": {"uv": [9.22471, 0, 10.54176, 16], "texture": "#2"}
			}
		},
		{
			"name": "flower",
			"from": [3, 7.54937, 9.09461],
			"to": [10, 14.54937, 9.09461],
			"rotation": {"angle": -45, "axis": "x", "origin": [6.5, 11.04937, 9.09461]},
			"faces": {
				"north": {"uv": [9.22471, 0, 10.54176, 16], "texture": "#2"},
				"south": {"uv": [9.22471, 0, 10.54176, 16], "texture": "#2"}
			}
		},
		{
			"name": "flower",
			"from": [11.8, 6.74937, 12.59461],
			"to": [11.8, 13.74937, 19.59461],
			"rotation": {"angle": 22.5, "axis": "z", "origin": [11.8, 10.24937, 16.09461]},
			"faces": {
				"east": {"uv": [9.22471, 0, 10.54176, 16], "texture": "#2"},
				"west": {"uv": [9.22471, 0, 10.54176, 16], "texture": "#2"}
			}
		},
		{
			"name": "flower",
			"from": [6.4, 4.04937, 14.59461],
			"to": [13.4, 11.04937, 14.59461],
			"rotation": {"angle": -22.5, "axis": "x", "origin": [9.9, 7.54937, 14.59461]},
			"faces": {
				"north": {"uv": [9.22471, 0, 10.54176, 16], "texture": "#2"},
				"south": {"uv": [9.22471, 0, 10.54176, 16], "texture": "#2"}
			}
		}
	]
}