{
	"credit": "Made by Arthiya with Blockbench",
	"textures": {
		"0": "block/lily_pad",
		"1": "block/lily_pad_root",
		"particle": "block/lily_pad"
	},
	"elements": [
		{
			"from": [0, 1, 0],
			"to": [16, 1, 16],
			"rotation": {"angle": 22.5, "axis": "y", "origin": [8, 1, 8]},
			"faces": {
				"up": {"uv": [0, 0, 8, 16], "texture": "#0", "tintindex": 0},
				"down": {"uv": [0, 0, 8, 16], "texture": "#0", "tintindex": 0}
			}
		},
		{
			"from": [10.5, -15, 0],
			"to": [10.5, 1, 4],
			"rotation": {"angle": -45, "axis": "y", "origin": [0, 0, 2]},
			"faces": {
				"east": {"uv": [1, 0, 6, 16], "texture": "#1"},
				"west": {"uv": [1, 0, 6, 16], "texture": "#1"}
			}
		},
		{
			"from": [8.5, -15, 2],
			"to": [12.5, 1, 2],
			"rotation": {"angle": -45, "axis": "y", "origin": [0, 0, 2]},
			"faces": {
				"north": {"uv": [7, 0, 11, 16], "texture": "#1"},
				"south": {"uv": [7, 0, 11, 16], "texture": "#1"}
			}
		}
	]
}