{
	"credit": "Made by Arthiya with Blockbench",
	"texture_size": [85, 7],
	"textures": {
		"0": "block/new_flower_blade",
		"1": "block/new_flower",
		"particle": "block/new_flower_blade"
	},
	"elements": [
		{
			"name": "blade",
			"from": [9, -1, -4],
			"to": [9, 15, 12],
			"rotation": {"angle": -22.5, "axis": "y", "origin": [9, 7, 4]},
			"faces": {
				"east": {"uv": [8.25, 0, 12.25, 8], "texture": "#0"},
				"west": {"uv": [12.25, 0, 8.25, 8], "texture": "#0"}
			}
		},
		{
			"name": "blade",
			"from": [2.7, -1, 11],
			"to": [18.7, 15, 11],
			"rotation": {"angle": -45, "axis": "y", "origin": [10.7, 7, 11]},
			"faces": {
				"north": {"uv": [12, 0, 16, 8], "texture": "#0"},
				"south": {"uv": [16, 0, 12, 8], "texture": "#0"}
			}
		},
		{
			"name": "blade",
			"from": [4, 0, 6],
			"to": [4, 16, 22],
			"rotation": {"angle": -22.5, "axis": "y", "origin": [4, 8, 14]},
			"faces": {
				"east": {"uv": [16, 0, 12, 8], "texture": "#0"},
				"west": {"uv": [12, 0, 16, 8], "texture": "#0"}
			}
		},
		{
			"name": "blade",
			"from": [3, 0, 0],
			"to": [3, 16, 16],
			"rotation": {"angle": 45, "axis": "y", "origin": [3, 8, 8]},
			"faces": {
				"east": {"uv": [12.25, 0, 8.25, 8], "texture": "#0"},
				"west": {"uv": [8.25, 0, 12.25, 8], "texture": "#0"}
			}
		},
		{
			"name": "flower",
			"from": [0.3, 7.1, 10.6],
			"to": [7.3, 7.1, 17.6],
			"rotation": {"angle": 22.5, "axis": "x", "origin": [3.8, 7.1, 14.1]},
			"faces": {
				"up": {"uv": [3.95118, 0, 5.26824, 16], "rotation": 180, "texture": "#1"},
				"down": {"uv": [5.26824, 0, 3.95118, 16], "texture": "#1"}
			}
		},
		{
			"name": "flower",
			"from": [6, 5.3, 0],
			"to": [13, 5.3, 7],
			"rotation": {"angle": -22.5, "axis": "z", "origin": [9.5, 5.3, 3.5]},
			"faces": {
				"up": {"uv": [5.26824, 0, 3.95118, 16], "texture": "#1"},
				"down": {"uv": [5.26824, 0, 3.95118, 16], "texture": "#1"}
			}
		},
		{
			"name": "flower",
			"from": [0, 6.3, 4],
			"to": [7, 6.3, 11],
			"rotation": {"angle": -22.5, "axis": "x", "origin": [3.5, 6.3, 7.5]},
			"faces": {
				"up": {"uv": [5.26824, 0, 3.95118, 16], "texture": "#1"},
				"down": {"uv": [5.26824, 0, 3.95118, 16], "texture": "#1"}
			}
		},
		{
			"name": "flower",
			"from": [7, 6.1, 7.3],
			"to": [14, 6.1, 14.3],
			"rotation": {"angle": -22.5, "axis": "z", "origin": [10.5, 6.1, 10.8]},
			"faces": {
				"up": {"uv": [5.26824, 0, 3.95118, 16], "texture": "#1"},
				"down": {"uv": [5.26824, 0, 3.95118, 16], "texture": "#1"}
			}
		}
	]
}