{
	"credit": "Made by Arthiya with Blockbench",
	"texture_size": [85, 7],
	"textures": {
		"0": "block/new_flower_blade",
		"1": "block/new_flower",
		"particle": "block/new_flower_blade"
	},
	"elements": [
		{
			"name": "blade",
			"from": [2, -1, 5],
			"to": [18, 15, 5],
			"rotation": {"angle": 0, "axis": "y", "origin": [10, 7, 5]},
			"faces": {
				"north": {"uv": [12.25, 0, 8.25, 8], "texture": "#0"},
				"south": {"uv": [8.25, 0, 12.25, 8], "texture": "#0"}
			}
		},
		{
			"name": "blade",
			"from": [9.7, 0, 4],
			"to": [9.7, 16, 20],
			"rotation": {"angle": 22.5, "axis": "y", "origin": [9.7, 8, 12]},
			"faces": {
				"east": {"uv": [12, 0, 16, 8], "texture": "#0"},
				"west": {"uv": [16, 0, 12, 8], "texture": "#0"}
			}
		},
		{
			"name": "blade",
			"from": [4, -2, -1],
			"to": [4, 14, 15],
			"rotation": {"angle": -22.5, "axis": "y", "origin": [4, 6, 7]},
			"faces": {
				"east": {"uv": [16, 0, 12, 8], "texture": "#0"},
				"west": {"uv": [12, 0, 16, 8], "texture": "#0"}
			}
		},
		{
			"name": "flower",
			"from": [0.3, 5.1, 3.6],
			"to": [7.3, 5.1, 10.6],
			"rotation": {"angle": -22.5, "axis": "x", "origin": [3.8, 5.1, 7.1]},
			"faces": {
				"up": {"uv": [3.95118, 0, 5.26824, 16], "rotation": 180, "texture": "#1"},
				"down": {"uv": [5.26824, 0, 3.95118, 16], "texture": "#1"}
			}
		},
		{
			"name": "flower",
			"from": [7, 5.3, 1],
			"to": [14, 5.3, 8],
			"rotation": {"angle": -22.5, "axis": "z", "origin": [10.5, 5.3, 4.5]},
			"faces": {
				"up": {"uv": [5.26824, 0, 3.95118, 16], "texture": "#1"},
				"down": {"uv": [5.26824, 0, 3.95118, 16], "texture": "#1"}
			}
		},
		{
			"name": "flower",
			"from": [6, 7.1, 8.3],
			"to": [13, 7.1, 15.3],
			"rotation": {"angle": 22.5, "axis": "z", "origin": [9.5, 7.1, 11.8]},
			"faces": {
				"up": {"uv": [5.26824, 0, 3.95118, 16], "texture": "#1"},
				"down": {"uv": [5.26824, 0, 3.95118, 16], "texture": "#1"}
			}
		}
	]
}