{
	"credit": "Made with Blockbench",
	"texture_size": [28, 9],
	"textures": {
		"0": "block/flowers_tall_leaves",
		"1": "block/flowers_tall",
		"particle": "block/flowers_tall_leaves"
	},
	"elements": [
		{
			"name": "leaves",
			"from": [-9, -3, 8],
			"to": [23, 29, 8],
			"rotation": {"angle": 0, "axis": "y", "origin": [7, -3, 8]},
			"faces": {
				"north": {"uv": [0, 0, 4, 16], "texture": "#0"},
				"east": {"uv": [0, 0, 0, 16], "texture": "#missing"},
				"south": {"uv": [0, 0, 4, 16], "texture": "#0"},
				"west": {"uv": [0, 0, 0, 16], "texture": "#missing"},
				"up": {"uv": [0, 0, 16, 0], "texture": "#missing"},
				"down": {"uv": [0, 0, 16, 0], "texture": "#missing"}
			}
		},
		{
			"name": "leaves",
			"from": [-10, -4, 8],
			"to": [22, 28, 8],
			"rotation": {"angle": 45, "axis": "y", "origin": [6, -4, 8]},
			"faces": {
				"north": {"uv": [0, 0, 4, 16], "texture": "#0"},
				"east": {"uv": [0, 0, 0, 16], "texture": "#missing"},
				"south": {"uv": [0, 0, 4, 16], "texture": "#0"},
				"west": {"uv": [0, 0, 0, 16], "texture": "#missing"},
				"up": {"uv": [0, 0, 16, 0], "texture": "#missing"},
				"down": {"uv": [0, 0, 16, 0], "texture": "#missing"}
			}
		},
		{
			"name": "leaves",
			"from": [-9, -5, 9],
			"to": [23, 27, 9],
			"rotation": {"angle": -22.5, "axis": "y", "origin": [7, -5, 9]},
			"faces": {
				"north": {"uv": [0, 0, 4, 16], "texture": "#0"},
				"east": {"uv": [0, 0, 0, 16], "texture": "#missing"},
				"south": {"uv": [0, 0, 4, 16], "texture": "#0"},
				"west": {"uv": [0, 0, 0, 16], "texture": "#missing"},
				"up": {"uv": [0, 0, 16, 0], "rotation": 180, "texture": "#missing"},
				"down": {"uv": [0, 0, 16, 0], "rotation": 180, "texture": "#missing"}
			}
		},
		{
			"name": "leaves",
			"from": [10, -2, -9],
			"to": [10, 30, 23],
			"rotation": {"angle": 22.5, "axis": "y", "origin": [10, -2, 7]},
			"faces": {
				"north": {"uv": [0, 0, 0, 16], "texture": "#missing"},
				"east": {"uv": [0, 0, 4, 16], "texture": "#0"},
				"south": {"uv": [0, 0, 0, 16], "texture": "#missing"},
				"west": {"uv": [0, 0, 4, 16], "texture": "#0"},
				"up": {"uv": [0, 0, 16, 0], "rotation": 270, "texture": "#missing"},
				"down": {"uv": [0, 0, 16, 0], "rotation": 90, "texture": "#missing"}
			}
		},
		{
			"name": "leaves",
			"from": [8, -5, -8],
			"to": [8, 27, 24],
			"rotation": {"angle": 45, "axis": "y", "origin": [8, -5, 8]},
			"faces": {
				"north": {"uv": [0, 0, 0, 16], "texture": "#missing"},
				"east": {"uv": [0, 0, 4, 16], "texture": "#0"},
				"south": {"uv": [0, 0, 0, 16], "texture": "#missing"},
				"west": {"uv": [0, 0, 4, 16], "texture": "#0"},
				"up": {"uv": [0, 0, 16, 0], "rotation": 270, "texture": "#missing"},
				"down": {"uv": [0, 0, 16, 0], "rotation": 90, "texture": "#missing"}
			}
		},
		{
			"name": "leaves",
			"from": [8, -2, -8],
			"to": [8, 30, 24],
			"rotation": {"angle": -22.5, "axis": "y", "origin": [8, -2, 8]},
			"faces": {
				"north": {"uv": [0, 0, 0, 16], "texture": "#missing"},
				"east": {"uv": [0, 0, 4, 16], "texture": "#0"},
				"south": {"uv": [0, 0, 0, 16], "texture": "#missing"},
				"west": {"uv": [0, 0, 4, 16], "texture": "#0"},
				"up": {"uv": [0, 0, 16, 0], "rotation": 270, "texture": "#missing"},
				"down": {"uv": [0, 0, 16, 0], "rotation": 90, "texture": "#missing"}
			}
		},
		{
			"name": "flower",
			"from": [2, 14, 0],
			"to": [2, 23, 9],
			"rotation": {"angle": -22.5, "axis": "z", "origin": [2, 17.5, 3.5]},
			"faces": {
				"north": {"uv": [0, 0, 0, 7], "texture": "#missing"},
				"east": {"uv": [0, 0, 5.14286, 16], "texture": "#1"},
				"south": {"uv": [0, 0, 0, 7], "texture": "#missing"},
				"west": {"uv": [0, 0, 5.14286, 16], "texture": "#1"},
				"up": {"uv": [0, 0, 0, 7], "texture": "#missing"},
				"down": {"uv": [0, 0, 0, 7], "texture": "#missing"}
			}
		},
		{
			"name": "flower",
			"from": [-3.5, 5, 9.2],
			"to": [5.5, 14, 9.2],
			"rotation": {"angle": -45, "axis": "y", "origin": [0, 8.5, 9.2]},
			"faces": {
				"north": {"uv": [0, 0, 5.14286, 16], "texture": "#1"},
				"east": {"uv": [0, 0, 0, 7], "texture": "#missing"},
				"south": {"uv": [0, 0, 5.14286, 16], "texture": "#1"},
				"west": {"uv": [0, 0, 0, 7], "texture": "#missing"},
				"up": {"uv": [0, 0, 0, 7], "rotation": 270, "texture": "#missing"},
				"down": {"uv": [0, 0, 0, 7], "rotation": 90, "texture": "#missing"}
			}
		},
		{
			"name": "flower",
			"from": [0.5, 2, 1.5],
			"to": [9.5, 11, 1.5],
			"rotation": {"angle": 0, "axis": "y", "origin": [4, 5.5, 1.5]},
			"faces": {
				"north": {"uv": [0, 0, 5.14286, 16], "texture": "#1"},
				"east": {"uv": [0, 0, 0, 7], "texture": "#missing"},
				"south": {"uv": [0, 0, 5.14286, 16], "texture": "#1"},
				"west": {"uv": [0, 0, 0, 7], "texture": "#missing"},
				"up": {"uv": [0, 0, 0, 7], "rotation": 90, "texture": "#missing"},
				"down": {"uv": [0, 0, 0, 7], "rotation": 270, "texture": "#missing"}
			}
		},
		{
			"name": "flower",
			"from": [3.5, 14, 13.5],
			"to": [12.5, 23, 13.5],
			"rotation": {"angle": 45, "axis": "y", "origin": [7, 17.5, 13.5]},
			"faces": {
				"north": {"uv": [0, 0, 5.14286, 16], "texture": "#1"},
				"east": {"uv": [0, 0, 0, 7], "texture": "#missing"},
				"south": {"uv": [0, 0, 5.14286, 16], "texture": "#1"},
				"west": {"uv": [0, 0, 0, 7], "texture": "#missing"},
				"up": {"uv": [0, 0, 0, 7], "rotation": 270, "texture": "#missing"},
				"down": {"uv": [0, 0, 0, 7], "rotation": 90, "texture": "#missing"}
			}
		},
		{
			"name": "flower",
			"from": [15, 5, 7],
			"to": [15, 14, 16],
			"rotation": {"angle": 22.5, "axis": "z", "origin": [15, 8.5, 10.5]},
			"faces": {
				"north": {"uv": [0, 0, 0, 7], "texture": "#missing"},
				"east": {"uv": [0, 0, 5.14286, 16], "texture": "#1"},
				"south": {"uv": [0, 0, 0, 7], "texture": "#missing"},
				"west": {"uv": [0, 0, 5.14286, 16], "texture": "#1"},
				"up": {"uv": [0, 0, 0, 7], "rotation": 180, "texture": "#missing"},
				"down": {"uv": [0, 0, 0, 7], "rotation": 180, "texture": "#missing"}
			}
		},
		{
			"name": "flower",
			"from": [8.5, 12, 5.5],
			"to": [17.5, 21, 5.5],
			"rotation": {"angle": -45, "axis": "y", "origin": [12, 15.5, 5.5]},
			"faces": {
				"north": {"uv": [0, 0, 5.14286, 16], "texture": "#1"},
				"east": {"uv": [0, 0, 0, 7], "texture": "#missing"},
				"south": {"uv": [0, 0, 5.14286, 16], "texture": "#1"},
				"west": {"uv": [0, 0, 0, 7], "texture": "#missing"},
				"up": {"uv": [0, 0, 0, 7], "rotation": 90, "texture": "#missing"},
				"down": {"uv": [0, 0, 0, 7], "rotation": 270, "texture": "#missing"}
			}
		}
	]
}