{
	"credit": "Made with Blockbench",
	"texture_size": [28, 9],
	"textures": {
		"0": "block/flowers_tall_leaves",
		"1": "block/flowers_tall",
		"particle": "block/flowers_tall_leaves"
	},
	"elements": [
		{
			"name": "leaves",
			"from": [-9, -5, 9],
			"to": [23, 27, 9],
			"rotation": {"angle": -22.5, "axis": "y", "origin": [7, -5, 9]},
			"faces": {
				"north": {"uv": [4, 0, 8, 16], "texture": "#0"},
				"east": {"uv": [0, 0, 0, 16], "texture": "#missing"},
				"south": {"uv": [4, 0, 8, 16], "texture": "#0"},
				"west": {"uv": [0, 0, 0, 16], "texture": "#missing"},
				"up": {"uv": [0, 0, 16, 0], "rotation": 180, "texture": "#missing"},
				"down": {"uv": [0, 0, 16, 0], "rotation": 180, "texture": "#missing"}
			}
		},
		{
			"name": "leaves",
			"from": [-8, -3, 9],
			"to": [24, 29, 9],
			"rotation": {"angle": 0, "axis": "y", "origin": [8, -3, 9]},
			"faces": {
				"north": {"uv": [4, 0, 8, 16], "texture": "#0"},
				"east": {"uv": [0, 0, 0, 16], "texture": "#missing"},
				"south": {"uv": [4, 0, 8, 16], "texture": "#0"},
				"west": {"uv": [0, 0, 0, 16], "texture": "#missing"},
				"up": {"uv": [0, 0, 16, 0], "texture": "#missing"},
				"down": {"uv": [0, 0, 16, 0], "texture": "#missing"}
			}
		},
		{
			"name": "leaves",
			"from": [6, -5, -8],
			"to": [6, 27, 24],
			"rotation": {"angle": 0, "axis": "y", "origin": [6, -5, 8]},
			"faces": {
				"north": {"uv": [0, 0, 0, 16], "texture": "#missing"},
				"east": {"uv": [4, 0, 8, 16], "texture": "#0"},
				"south": {"uv": [0, 0, 0, 16], "texture": "#missing"},
				"west": {"uv": [4, 0, 8, 16], "texture": "#0"},
				"up": {"uv": [0, 0, 16, 0], "rotation": 90, "texture": "#missing"},
				"down": {"uv": [0, 0, 16, 0], "rotation": 270, "texture": "#missing"}
			}
		},
		{
			"name": "leaves",
			"from": [11, -2, -8],
			"to": [11, 30, 24],
			"rotation": {"angle": 22.5, "axis": "y", "origin": [11, -2, 8]},
			"faces": {
				"north": {"uv": [0, 0, 0, 16], "texture": "#missing"},
				"east": {"uv": [4, 0, 8, 16], "texture": "#0"},
				"south": {"uv": [0, 0, 0, 16], "texture": "#missing"},
				"west": {"uv": [4, 0, 8, 16], "texture": "#0"},
				"up": {"uv": [0, 0, 16, 0], "rotation": 270, "texture": "#missing"},
				"down": {"uv": [0, 0, 16, 0], "rotation": 90, "texture": "#missing"}
			}
		},
		{
			"name": "leaves",
			"from": [7, -5, -7],
			"to": [7, 27, 25],
			"rotation": {"angle": 45, "axis": "y", "origin": [7, -5, 9]},
			"faces": {
				"north": {"uv": [0, 0, 0, 16], "texture": "#missing"},
				"east": {"uv": [4, 0, 8, 16], "texture": "#0"},
				"south": {"uv": [0, 0, 0, 16], "texture": "#missing"},
				"west": {"uv": [4, 0, 8, 16], "texture": "#0"},
				"up": {"uv": [0, 0, 16, 0], "rotation": 270, "texture": "#missing"},
				"down": {"uv": [0, 0, 16, 0], "rotation": 90, "texture": "#missing"}
			}
		},
		{
			"name": "leaves",
			"from": [10, -1, -9],
			"to": [10, 31, 23],
			"rotation": {"angle": -22.5, "axis": "y", "origin": [10, -1, 7]},
			"faces": {
				"north": {"uv": [0, 0, 0, 16], "texture": "#missing"},
				"east": {"uv": [4, 0, 8, 16], "texture": "#0"},
				"south": {"uv": [0, 0, 0, 16], "texture": "#missing"},
				"west": {"uv": [4, 0, 8, 16], "texture": "#0"},
				"up": {"uv": [0, 0, 16, 0], "rotation": 270, "texture": "#missing"},
				"down": {"uv": [0, 0, 16, 0], "rotation": 90, "texture": "#missing"}
			}
		},
		{
			"name": "leaves",
			"from": [-9, -4, 11],
			"to": [23, 28, 11],
			"rotation": {"angle": 45, "axis": "y", "origin": [7, -4, 11]},
			"faces": {
				"north": {"uv": [4, 0, 8, 16], "texture": "#0"},
				"east": {"uv": [0, 0, 0, 16], "texture": "#missing"},
				"south": {"uv": [4, 0, 8, 16], "texture": "#0"},
				"west": {"uv": [0, 0, 0, 16], "texture": "#missing"},
				"up": {"uv": [0, 0, 16, 0], "texture": "#missing"},
				"down": {"uv": [0, 0, 16, 0], "texture": "#missing"}
			}
		},
		{
			"name": "flower",
			"from": [15.4, 12, 3],
			"to": [15.4, 21, 12],
			"rotation": {"angle": 22.5, "axis": "z", "origin": [15.4, 15.5, 6.5]},
			"faces": {
				"north": {"uv": [0, 0, 0, 7], "texture": "#missing"},
				"east": {"uv": [0, 0, 5.14286, 16], "texture": "#1"},
				"south": {"uv": [0, 0, 0, 7], "texture": "#missing"},
				"west": {"uv": [0, 0, 5.14286, 16], "texture": "#1"},
				"up": {"uv": [0, 0, 0, 7], "texture": "#missing"},
				"down": {"uv": [0, 0, 0, 7], "texture": "#missing"}
			}
		},
		{
			"name": "flower",
			"from": [6.3, 13.1, 14.5],
			"to": [15.3, 22.1, 14.5],
			"rotation": {"angle": 22.5, "axis": "y", "origin": [9.8, 16.6, 14.5]},
			"faces": {
				"north": {"uv": [0, 0, 5.14286, 16], "texture": "#1"},
				"east": {"uv": [0, 0, 0, 7], "texture": "#missing"},
				"south": {"uv": [0, 0, 5.14286, 16], "texture": "#1"},
				"west": {"uv": [0, 0, 0, 7], "texture": "#missing"},
				"up": {"uv": [0, 0, 0, 7], "rotation": 90, "texture": "#missing"},
				"down": {"uv": [0, 0, 0, 7], "rotation": 270, "texture": "#missing"}
			}
		},
		{
			"name": "flower",
			"from": [0.3, 13, 1],
			"to": [0.3, 22, 10],
			"rotation": {"angle": -22.5, "axis": "z", "origin": [0.3, 16.5, 4.5]},
			"faces": {
				"north": {"uv": [0, 0, 0, 7], "texture": "#missing"},
				"east": {"uv": [0, 0, 5.14286, 16], "texture": "#1"},
				"south": {"uv": [0, 0, 0, 7], "texture": "#missing"},
				"west": {"uv": [0, 0, 5.14286, 16], "texture": "#1"},
				"up": {"uv": [0, 0, 0, 7], "rotation": 180, "texture": "#missing"},
				"down": {"uv": [0, 0, 0, 7], "rotation": 180, "texture": "#missing"}
			}
		},
		{
			"name": "flower",
			"from": [-1.5, 2, 1.5],
			"to": [7.5, 11, 1.5],
			"rotation": {"angle": 22.5, "axis": "x", "origin": [2, 5.5, 1.5]},
			"faces": {
				"north": {"uv": [0, 0, 5.14286, 16], "texture": "#1"},
				"east": {"uv": [0, 0, 0, 7], "texture": "#missing"},
				"south": {"uv": [0, 0, 5.14286, 16], "texture": "#1"},
				"west": {"uv": [0, 0, 0, 7], "texture": "#missing"},
				"up": {"uv": [0, 0, 0, 7], "rotation": 270, "texture": "#missing"},
				"down": {"uv": [0, 0, 0, 7], "rotation": 90, "texture": "#missing"}
			}
		},
		{
			"name": "flower",
			"from": [12.6, 1.1, 7.3],
			"to": [21.6, 10.1, 7.3],
			"rotation": {"angle": -45, "axis": "y", "origin": [16.1, 4.6, 7.3]},
			"faces": {
				"north": {"uv": [0, 0, 5.14286, 16], "texture": "#1"},
				"east": {"uv": [0, 0, 0, 7], "texture": "#missing"},
				"south": {"uv": [0, 0, 5.14286, 16], "texture": "#1"},
				"west": {"uv": [0, 0, 0, 7], "texture": "#missing"},
				"up": {"uv": [0, 0, 0, 7], "rotation": 270, "texture": "#missing"},
				"down": {"uv": [0, 0, 0, 7], "rotation": 90, "texture": "#missing"}
			}
		},
		{
			"name": "flower",
			"from": [-3.1, 7, 10.1],
			"to": [5.9, 16, 10.1],
			"rotation": {"angle": -22.5, "axis": "y", "origin": [0.4, 10.5, 10.1]},
			"faces": {
				"north": {"uv": [0, 0, 5.14286, 16], "texture": "#1"},
				"east": {"uv": [0, 0, 0, 7], "texture": "#missing"},
				"south": {"uv": [0, 0, 5.14286, 16], "texture": "#1"},
				"west": {"uv": [0, 0, 0, 7], "texture": "#missing"},
				"up": {"uv": [0, 0, 0, 7], "rotation": 90, "texture": "#missing"},
				"down": {"uv": [0, 0, 0, 7], "rotation": 270, "texture": "#missing"}
			}
		}
	]
}