{
	"credit": "Made by Arthiya with Blockbench",
	"texture_size": [85, 7],
	"textures": {
		"0": "block/new_flower_blade",
		"1": "block/new_flower",
		"2": "block/flowers_leaves",
		"particle": "block/new_flower"
	},
	"elements": [
		{
			"name": "blade",
			"from": [3.19134, -1.3, -2.6],
			"to": [3.19134, 14.7, 13.4],
			"rotation": {"angle": 22.5, "axis": "y", "origin": [3.19134, 3.2, -1.63806]},
			"faces": {
				"north": {"uv": [0, 0, 0, 6], "texture": "#missing"},
				"east": {"uv": [4, 8, 0, 16], "texture": "#0", "tintindex": 0},
				"south": {"uv": [0, 0, 0, 6], "texture": "#missing"},
				"west": {"uv": [0, 8, 4, 16], "texture": "#0", "tintindex": 0},
				"up": {"uv": [0, 0, 1, 0], "rotation": 270, "texture": "#missing"},
				"down": {"uv": [0, 0, 1, 0], "rotation": 90, "texture": "#missing"}
			}
		},
		{
			"name": "leave",
			"from": [-1.73649, -1.8, 8.19281],
			"to": [14.26351, 14.2, 8.19281],
			"rotation": {"angle": 22.5, "axis": "x", "origin": [6.26351, 3.2, 6.69281]},
			"faces": {
				"north": {"uv": [16, 0, 8, 16], "texture": "#2", "tintindex": 0},
				"east": {"uv": [0, 0, 0, 6], "texture": "#missing"},
				"south": {"uv": [8, 0, 16, 16], "texture": "#2", "tintindex": 0},
				"west": {"uv": [0, 0, 0, 6], "texture": "#missing"},
				"up": {"uv": [0, 0, 1, 0], "rotation": 180, "texture": "#missing"},
				"down": {"uv": [0, 0, 1, 0], "rotation": 180, "texture": "#missing"}
			}
		},
		{
			"name": "leave",
			"from": [-3.13649, -4.7, 4.09281],
			"to": [12.86351, 11.3, 4.09281],
			"rotation": {"angle": -22.5, "axis": "x", "origin": [4.86351, 0.3, 2.59281]},
			"faces": {
				"north": {"uv": [16, 0, 8, 16], "texture": "#2", "tintindex": 0},
				"east": {"uv": [0, 0, 0, 6], "texture": "#missing"},
				"south": {"uv": [8, 0, 16, 16], "texture": "#2", "tintindex": 0},
				"west": {"uv": [0, 0, 0, 6], "texture": "#missing"},
				"up": {"uv": [0, 0, 1, 0], "rotation": 180, "texture": "#missing"},
				"down": {"uv": [0, 0, 1, 0], "rotation": 180, "texture": "#missing"}
			}
		},
		{
			"name": "leave",
			"from": [4.26351, -3.4, -1.50719],
			"to": [4.26351, 12.6, 14.49281],
			"rotation": {"angle": 22.5, "axis": "y", "origin": [5.76351, 4.6, 4.49281]},
			"faces": {
				"north": {"uv": [0, 0, 0, 6], "texture": "#missing"},
				"east": {"uv": [8, 0, 16, 16], "texture": "#2", "tintindex": 0},
				"south": {"uv": [0, 0, 0, 6], "texture": "#missing"},
				"west": {"uv": [16, 0, 8, 16], "texture": "#2", "tintindex": 0},
				"up": {"uv": [0, 0, 1, 0], "rotation": 90, "texture": "#missing"},
				"down": {"uv": [0, 0, 1, 0], "rotation": 270, "texture": "#missing"}
			}
		},
		{
			"name": "flower",
			"from": [3.84628, 6.71489, 0.47612],
			"to": [3.84628, 13.71489, 7.47612],
			"rotation": {"angle": 22.5, "axis": "z", "origin": [3.84628, 10.41489, 3.97612]},
			"faces": {
				"east": {"uv": [13.17588, 0, 14.49294, 16], "texture": "#1"},
				"west": {"uv": [14.49294, 0, 13.17588, 16], "texture": "#1"}
			}
		},
		{
			"name": "flower",
			"from": [6.84628, 6.91489, 0.47612],
			"to": [6.84628, 13.91489, 7.47612],
			"rotation": {"angle": -22.5, "axis": "z", "origin": [6.84628, 10.41489, 3.97612]},
			"faces": {
				"east": {"uv": [13.17588, 0, 14.49294, 16], "texture": "#1"},
				"west": {"uv": [14.49294, 0, 13.17588, 16], "texture": "#1"}
			}
		},
		{
			"name": "flower",
			"from": [1.34628, 7.11489, 4.97612],
			"to": [8.34628, 14.11489, 4.97612],
			"rotation": {"angle": 22.5, "axis": "x", "origin": [4.84628, 10.41489, 4.97612]},
			"faces": {
				"north": {"uv": [14.49294, 0, 13.17588, 16], "texture": "#1"},
				"south": {"uv": [13.17588, 0, 14.49294, 16], "texture": "#1"}
			}
		},
		{
			"name": "flower",
			"from": [1.34628, 6.61489, 1.97612],
			"to": [8.34628, 13.61489, 1.97612],
			"rotation": {"angle": -22.5, "axis": "x", "origin": [4.84628, 10.41489, 1.97612]},
			"faces": {
				"north": {"uv": [14.49294, 0, 13.17588, 16], "texture": "#1"},
				"south": {"uv": [13.17588, 0, 14.49294, 16], "texture": "#1"}
			}
		},
		{
			"name": "blade",
			"from": [0.88469, -1.3, 9.36426],
			"to": [16.88469, 14.7, 9.36426],
			"rotation": {"angle": 45, "axis": "y", "origin": [9.88469, 6.7, 7.86426]},
			"faces": {
				"north": {"uv": [8, 8, 4, 16], "texture": "#0", "tintindex": 0},
				"east": {"uv": [0, 0, 0, 6], "texture": "#missing"},
				"south": {"uv": [4, 8, 8, 16], "texture": "#0", "tintindex": 0},
				"west": {"uv": [0, 0, 0, 6], "texture": "#missing"},
				"up": {"uv": [0, 0, 1, 0], "rotation": 180, "texture": "#missing"},
				"down": {"uv": [0, 0, 1, 0], "rotation": 180, "texture": "#missing"}
			}
		},
		{
			"name": "leave",
			"from": [12.96351, -2.60239, 0.92668],
			"to": [12.96351, 13.39761, 16.92668],
			"rotation": {"angle": -22.5, "axis": "z", "origin": [10.26351, 5.39761, 12.22668]},
			"faces": {
				"north": {"uv": [0, 0, 0, 6], "texture": "#missing"},
				"east": {"uv": [16, 0, 8, 16], "texture": "#2", "tintindex": 0},
				"south": {"uv": [0, 0, 0, 6], "texture": "#missing"},
				"west": {"uv": [8, 0, 16, 16], "texture": "#2", "tintindex": 0},
				"up": {"uv": [0, 0, 1, 0], "rotation": 270, "texture": "#missing"},
				"down": {"uv": [0, 0, 1, 0], "rotation": 90, "texture": "#missing"}
			}
		},
		{
			"name": "leave",
			"from": [1.86351, -4.65434, 6.83058],
			"to": [17.86351, 11.34566, 6.83058],
			"rotation": {"angle": -22.5, "axis": "y", "origin": [8.86351, 3.64566, 5.83058]},
			"faces": {
				"north": {"uv": [16, 0, 8, 16], "texture": "#2", "tintindex": 0},
				"east": {"uv": [0, 0, 0, 6], "texture": "#missing"},
				"south": {"uv": [8, 0, 16, 16], "texture": "#2", "tintindex": 0},
				"west": {"uv": [0, 0, 0, 6], "texture": "#missing"},
				"up": {"uv": [0, 0, 1, 0], "rotation": 180, "texture": "#missing"},
				"down": {"uv": [0, 0, 1, 0], "rotation": 180, "texture": "#missing"}
			}
		},
		{
			"name": "leave",
			"from": [8.06351, -3.4, 1.49281],
			"to": [8.06351, 12.6, 17.49281],
			"rotation": {"angle": 22.5, "axis": "y", "origin": [9.76351, 4.6, 7.49281]},
			"faces": {
				"north": {"uv": [0, 0, 0, 6], "texture": "#missing"},
				"east": {"uv": [8, 0, 16, 16], "texture": "#2", "tintindex": 0},
				"south": {"uv": [0, 0, 0, 6], "texture": "#missing"},
				"west": {"uv": [16, 0, 8, 16], "texture": "#2", "tintindex": 0},
				"up": {"uv": [0, 0, 1, 0], "rotation": 90, "texture": "#missing"},
				"down": {"uv": [0, 0, 1, 0], "rotation": 270, "texture": "#missing"}
			}
		},
		{
			"name": "flower",
			"from": [9.24628, 6.01489, 6.27612],
			"to": [9.24628, 13.01489, 13.27612],
			"rotation": {"angle": 22.5, "axis": "z", "origin": [9.24628, 9.71489, 9.77612]},
			"faces": {
				"east": {"uv": [13.17588, 0, 14.49294, 16], "texture": "#1"},
				"west": {"uv": [14.49294, 0, 13.17588, 16], "texture": "#1"}
			}
		},
		{
			"name": "flower",
			"from": [12.24628, 6.21489, 6.27612],
			"to": [12.24628, 13.21489, 13.27612],
			"rotation": {"angle": -22.5, "axis": "z", "origin": [12.24628, 9.71489, 9.77612]},
			"faces": {
				"east": {"uv": [13.17588, 0, 14.49294, 16], "texture": "#1"},
				"west": {"uv": [14.49294, 0, 13.17588, 16], "texture": "#1"}
			}
		},
		{
			"name": "flower",
			"from": [6.74628, 6.41489, 10.77612],
			"to": [13.74628, 13.41489, 10.77612],
			"rotation": {"angle": 22.5, "axis": "x", "origin": [10.24628, 9.71489, 10.77612]},
			"faces": {
				"north": {"uv": [14.49294, 0, 13.17588, 16], "texture": "#1"},
				"south": {"uv": [13.17588, 0, 14.49294, 16], "texture": "#1"}
			}
		},
		{
			"name": "flower",
			"from": [6.74628, 5.91489, 7.77612],
			"to": [13.74628, 12.91489, 7.77612],
			"rotation": {"angle": -22.5, "axis": "x", "origin": [10.24628, 9.71489, 7.77612]},
			"faces": {
				"north": {"uv": [14.49294, 0, 13.17588, 16], "texture": "#1"},
				"south": {"uv": [13.17588, 0, 14.49294, 16], "texture": "#1"}
			}
		},
		{
			"name": "blade",
			"from": [-4.41531, -0.3, 11.96426],
			"to": [11.58469, 15.7, 11.96426],
			"rotation": {"angle": 45, "axis": "y", "origin": [4.98469, 6.7, 10.46426]},
			"faces": {
				"north": {"uv": [12, 0, 8, 8], "texture": "#0", "tintindex": 0},
				"east": {"uv": [0, 0, 0, 6], "texture": "#missing"},
				"south": {"uv": [8, 0, 12, 8], "texture": "#0", "tintindex": 0},
				"west": {"uv": [0, 0, 0, 6], "texture": "#missing"},
				"up": {"uv": [0, 0, 1, 0], "rotation": 180, "texture": "#missing"},
				"down": {"uv": [0, 0, 1, 0], "rotation": 180, "texture": "#missing"}
			}
		},
		{
			"name": "leave",
			"from": [3.15798, -2.13563, 3.52668],
			"to": [3.15798, 13.86437, 19.52668],
			"rotation": {"angle": 22.5, "axis": "z", "origin": [7.85798, 3.66437, 11.52668]},
			"faces": {
				"north": {"uv": [0, 0, 0, 6], "texture": "#missing"},
				"east": {"uv": [16, 0, 8, 16], "texture": "#2", "tintindex": 0},
				"south": {"uv": [0, 0, 0, 6], "texture": "#missing"},
				"west": {"uv": [8, 0, 16, 16], "texture": "#2", "tintindex": 0},
				"up": {"uv": [0, 0, 1, 0], "rotation": 270, "texture": "#missing"},
				"down": {"uv": [0, 0, 1, 0], "rotation": 90, "texture": "#missing"}
			}
		},
		{
			"name": "leave",
			"from": [7.66351, -5.35434, 2.83058],
			"to": [7.66351, 10.64566, 18.83058],
			"rotation": {"angle": -22.5, "axis": "y", "origin": [3.96351, 2.94566, 8.43058]},
			"faces": {
				"north": {"uv": [0, 0, 0, 6], "texture": "#missing"},
				"east": {"uv": [16, 0, 8, 16], "texture": "#2", "tintindex": 0},
				"south": {"uv": [0, 0, 0, 6], "texture": "#missing"},
				"west": {"uv": [8, 0, 16, 16], "texture": "#2", "tintindex": 0},
				"up": {"uv": [0, 0, 1, 0], "rotation": 270, "texture": "#missing"},
				"down": {"uv": [0, 0, 1, 0], "rotation": 90, "texture": "#missing"}
			}
		},
		{
			"name": "leave",
			"from": [7.59186, -4.1, 2.55174],
			"to": [7.59186, 11.9, 18.55174],
			"rotation": {"angle": 45, "axis": "y", "origin": [7.29186, 3.9, 11.25174]},
			"faces": {
				"north": {"uv": [0, 0, 0, 6], "texture": "#missing"},
				"east": {"uv": [8, 0, 16, 16], "texture": "#2", "tintindex": 0},
				"south": {"uv": [0, 0, 0, 6], "texture": "#missing"},
				"west": {"uv": [16, 0, 8, 16], "texture": "#2", "tintindex": 0},
				"up": {"uv": [0, 0, 1, 0], "rotation": 90, "texture": "#missing"},
				"down": {"uv": [0, 0, 1, 0], "rotation": 270, "texture": "#missing"}
			}
		},
		{
			"name": "flower",
			"from": [3.94628, 3.81489, 9.17612],
			"to": [3.94628, 10.81489, 16.17612],
			"rotation": {"angle": 22.5, "axis": "z", "origin": [3.94628, 7.51489, 12.67612]},
			"faces": {
				"east": {"uv": [13.17588, 0, 14.49294, 16], "texture": "#1"},
				"west": {"uv": [14.49294, 0, 13.17588, 16], "texture": "#1"}
			}
		},
		{
			"name": "flower",
			"from": [6.94628, 4.01489, 9.17612],
			"to": [6.94628, 11.01489, 16.17612],
			"rotation": {"angle": -22.5, "axis": "z", "origin": [6.94628, 7.51489, 12.67612]},
			"faces": {
				"east": {"uv": [13.17588, 0, 14.49294, 16], "texture": "#1"},
				"west": {"uv": [14.49294, 0, 13.17588, 16], "texture": "#1"}
			}
		},
		{
			"name": "flower",
			"from": [1.44628, 4.21489, 13.67612],
			"to": [8.44628, 11.21489, 13.67612],
			"rotation": {"angle": 22.5, "axis": "x", "origin": [4.94628, 7.51489, 13.67612]},
			"faces": {
				"north": {"uv": [14.49294, 0, 13.17588, 16], "texture": "#1"},
				"south": {"uv": [13.17588, 0, 14.49294, 16], "texture": "#1"}
			}
		},
		{
			"name": "flower",
			"from": [1.44628, 3.71489, 10.67612],
			"to": [8.44628, 10.71489, 10.67612],
			"rotation": {"angle": -22.5, "axis": "x", "origin": [4.94628, 7.51489, 10.67612]},
			"faces": {
				"north": {"uv": [14.49294, 0, 13.17588, 16], "texture": "#1"},
				"south": {"uv": [13.17588, 0, 14.49294, 16], "texture": "#1"}
			}
		}
	],
	"groups": [
		{
			"name": "group",
			"origin": [9, 9.42074, 7.07612],
			"color": 0,
			"children": [0, 1, 2, 3, 4, 5, 6, 7]
		},
		{
			"name": "group",
			"origin": [9, 9.42074, 7.07612],
			"color": 0,
			"children": [8, 9, 10, 11, 12, 13, 14, 15]
		},
		{
			"name": "group",
			"origin": [9, 9.42074, 7.07612],
			"color": 0,
			"children": [16, 17, 18, 19, 20, 21, 22, 23]
		}
	]
}