{
	"credit": "Made by Arthiya with Blockbench",
	"textures": {
		"2": "block/torch_fire",
		"particle": "block/torch",
		"1_0": "block/torch"
	},
	"elements": [
		{
			"name": "torch",
			"from": [7, 0, 7],
			"to": [9, 10, 9],
			"rotation": {"angle": 0, "axis": "z", "origin": [8, 5, 8]},
			"faces": {
				"north": {"uv": [7, 6, 9, 16], "texture": "#1_0"},
				"east": {"uv": [7, 6, 9, 16], "texture": "#1_0"},
				"south": {"uv": [7, 6, 9, 16], "texture": "#1_0"},
				"west": {"uv": [7, 6, 9, 16], "texture": "#1_0"},
				"up": {"uv": [7, 6, 9, 8], "texture": "#1_0"},
				"down": {"uv": [9, 14, 7, 16], "texture": "#1_0", "cullface": "down"}
			}
		},
		{
			"name": "fire",
			"from": [5.25, 9, 8],
			"to": [10.75, 16, 8],
			"shade": false,
			"rotation": {"angle": 0, "axis": "y", "origin": [8, 16, 8]},
			"faces": {
				"north": {"uv": [5, 8, 11, 15], "texture": "#2"},
				"south": {"uv": [5, 8, 11, 15], "texture": "#2"}
			}
		},
		{
			"name": "fire",
			"from": [8, 9, 5.5],
			"to": [8, 16, 10.5],
			"shade": false,
			"rotation": {"angle": 0, "axis": "y", "origin": [8, 16, 8]},
			"faces": {
				"east": {"uv": [5, 8, 11, 15], "texture": "#2"},
				"west": {"uv": [5, 8, 11, 15], "texture": "#2"}
			}
		}
	]
}