{
	"credit": "Made by Arthiya with Blockbench",
	"texture_size": [32, 16],
	"textures": {
		"0": "block/vines",
		"1": "block/vines_leaves",
		"particle": "block/vines"
	},
	"elements": [
		{
			"name": "root",
			"from": [0, 0, 0.8],
			"to": [16, 16, 0.8],
			"shade": false,
			"faces": {
				"north": {"uv": [8, 0, 16, 16], "texture": "#0"},
				"south": {"uv": [16, 0, 8, 16], "texture": "#0"}
			}
		},
		{
			"name": "leave",
			"from": [2.25, 10.80762, 2.33283],
			"to": [5.25, 13.80762, 2.33283],
			"shade": false,
			"rotation": {"angle": -45, "axis": "x", "origin": [3.75, 12.30762, 2.33283]},
			"faces": {
				"north": {"uv": [15, 4, 12, 7], "texture": "#1", "tintindex": 0},
				"south": {"uv": [12, 4, 15, 7], "texture": "#1", "tintindex": 0}
			}
		},
		{
			"name": "leave",
			"from": [8.5, 2.80762, 1.58283],
			"to": [11.5, 5.80762, 1.58283],
			"shade": false,
			"rotation": {"angle": -22.5, "axis": "x", "origin": [10, 4.30762, 1.58283]},
			"faces": {
				"north": {"uv": [3, 8, 0, 11], "texture": "#1", "tintindex": 0},
				"south": {"uv": [0, 8, 3, 11], "texture": "#1", "tintindex": 0}
			}
		},
		{
			"name": "leave",
			"from": [9.5, 6.30762, 2.08283],
			"to": [12.5, 9.30762, 2.08283],
			"shade": false,
			"rotation": {"angle": -45, "axis": "x", "origin": [11, 7.80762, 2.08283]},
			"faces": {
				"north": {"uv": [3, 8, 0, 11], "texture": "#1", "tintindex": 0},
				"south": {"uv": [0, 8, 3, 11], "texture": "#1", "tintindex": 0}
			}
		},
		{
			"name": "leave",
			"from": [5.75, 7.05762, 2.08283],
			"to": [8.75, 10.05762, 2.08283],
			"shade": false,
			"rotation": {"angle": -45, "axis": "x", "origin": [7.25, 8.55762, 2.08283]},
			"faces": {
				"north": {"uv": [7, 8, 4, 11], "texture": "#1", "tintindex": 0},
				"south": {"uv": [4, 8, 7, 11], "texture": "#1", "tintindex": 0}
			}
		},
		{
			"name": "leave",
			"from": [3.25, 0.30762, 2.18283],
			"to": [6.25, 3.30762, 2.18283],
			"shade": false,
			"rotation": {"angle": -45, "axis": "x", "origin": [4.75, 1.80762, 2.18283]},
			"faces": {
				"north": {"uv": [7, 8, 4, 11], "texture": "#1", "tintindex": 0},
				"south": {"uv": [4, 8, 7, 11], "texture": "#1", "tintindex": 0}
			}
		},
		{
			"name": "leave",
			"from": [7.5, 12.05762, 1.83283],
			"to": [10.5, 15.05762, 1.83283],
			"shade": false,
			"rotation": {"angle": -22.5, "axis": "x", "origin": [9, 13.55762, 1.83283]},
			"faces": {
				"north": {"uv": [11, 8, 8, 11], "texture": "#1", "tintindex": 0},
				"south": {"uv": [8, 8, 11, 11], "texture": "#1", "tintindex": 0}
			}
		},
		{
			"name": "leave",
			"from": [2.8, 4.55762, 1.58283],
			"to": [5.8, 7.55762, 1.58283],
			"shade": false,
			"rotation": {"angle": -22.5, "axis": "x", "origin": [4.3, 6.05762, 1.58283]},
			"faces": {
				"north": {"uv": [11, 8, 8, 11], "texture": "#1", "tintindex": 0},
				"south": {"uv": [8, 8, 11, 11], "texture": "#1", "tintindex": 0}
			}
		},
		{
			"name": "leave",
			"from": [4.5, 9.55762, 1.98283],
			"to": [7.5, 12.55762, 1.98283],
			"shade": false,
			"rotation": {"angle": -22.5, "axis": "x", "origin": [6, 11.05762, 1.98283]},
			"faces": {
				"north": {"uv": [15, 8, 12, 11], "texture": "#1", "tintindex": 0},
				"south": {"uv": [12, 8, 15, 11], "texture": "#1", "tintindex": 0}
			}
		},
		{
			"name": "leave",
			"from": [4.25, 13.05762, 1.73283],
			"to": [7.25, 16.05762, 1.73283],
			"shade": false,
			"rotation": {"angle": -22.5, "axis": "x", "origin": [5.75, 14.55762, 1.73283]},
			"faces": {
				"north": {"uv": [3, 12, 0, 15], "texture": "#1", "tintindex": 0},
				"south": {"uv": [0, 12, 3, 15], "texture": "#1", "tintindex": 0}
			}
		},
		{
			"name": "leave",
			"from": [8.25, 8.80762, 2.08283],
			"to": [11.25, 11.80762, 2.08283],
			"shade": false,
			"rotation": {"angle": -45, "axis": "x", "origin": [9.75, 10.30762, 2.08283]},
			"faces": {
				"north": {"uv": [7, 12, 4, 15], "texture": "#1", "tintindex": 0},
				"south": {"uv": [4, 12, 7, 15], "texture": "#1", "tintindex": 0}
			}
		},
		{
			"name": "leave",
			"from": [7.35, -0.84238, 1.83283],
			"to": [10.35, 2.15762, 1.83283],
			"shade": false,
			"rotation": {"angle": -22.5, "axis": "x", "origin": [8.85, 0.65762, 1.83283]},
			"faces": {
				"north": {"uv": [11, 12, 8, 15], "texture": "#1", "tintindex": 0},
				"south": {"uv": [8, 12, 11, 15], "texture": "#1", "tintindex": 0}
			}
		},
		{
			"name": "leave",
			"from": [5.75, 2.05762, 1.43283],
			"to": [8.75, 5.05762, 1.43283],
			"shade": false,
			"rotation": {"angle": -22.5, "axis": "x", "origin": [7.25, 3.55762, 1.43283]},
			"faces": {
				"north": {"uv": [11, 12, 8, 15], "texture": "#1", "tintindex": 0},
				"south": {"uv": [8, 12, 11, 15], "texture": "#1", "tintindex": 0}
			}
		},
		{
			"name": "leave",
			"from": [10.65, -0.04238, 1.58283],
			"to": [13.65, 2.95762, 1.58283],
			"shade": false,
			"rotation": {"angle": -22.5, "axis": "x", "origin": [12.15, 1.45762, 1.58283]},
			"faces": {
				"north": {"uv": [11, 12, 8, 15], "texture": "#1", "tintindex": 0},
				"south": {"uv": [8, 12, 11, 15], "texture": "#1", "tintindex": 0}
			}
		},
		{
			"name": "leave",
			"from": [6.75, 14.30762, 1.83283],
			"to": [9.75, 17.30762, 1.83283],
			"shade": false,
			"rotation": {"angle": -22.5, "axis": "x", "origin": [8.25, 15.80762, 1.83283]},
			"faces": {
				"north": {"uv": [15, 12, 12, 15], "texture": "#1", "tintindex": 0},
				"south": {"uv": [12, 12, 15, 15], "texture": "#1", "tintindex": 0}
			}
		}
	]
}