{
	"credit": "Made by Arthiya with Blockbench",
	"textures": {
		"2": "block/torch_fire",
		"3": "block/torch",
		"particle": "block/torch"
	},
	"elements": [
		{
			"name": "torch",
			"from": [1, 3, 7],
			"to": [3, 13, 9],
			"rotation": {"angle": -22.5, "axis": "z", "origin": [2, 8, 8]},
			"faces": {
				"north": {"uv": [7, 6, 9, 16], "texture": "#3"},
				"east": {"uv": [7, 6, 9, 16], "texture": "#3"},
				"south": {"uv": [7, 6, 9, 16], "texture": "#3"},
				"west": {"uv": [7, 6, 9, 16], "texture": "#3"},
				"up": {"uv": [7, 6, 9, 8], "texture": "#3"},
				"down": {"uv": [9, 14, 7, 16], "texture": "#3"}
			}
		},
		{
			"name": "fire",
			"from": [0.75, 11, 8],
			"to": [6.25, 18, 8],
			"shade": false,
			"rotation": {"angle": 0, "axis": "y", "origin": [8, 16, 8]},
			"faces": {
				"north": {"uv": [5, 8, 11, 15], "texture": "#2"},
				"south": {"uv": [5, 8, 11, 15], "texture": "#2"}
			}
		},
		{
			"name": "fire",
			"from": [3.5, 10.75, 5.5],
			"to": [3.5, 17.75, 10.5],
			"shade": false,
			"rotation": {"angle": 0, "axis": "y", "origin": [8, 16, 8]},
			"faces": {
				"east": {"uv": [5, 8, 11, 15], "texture": "#2"},
				"west": {"uv": [5, 8, 11, 15], "texture": "#2"}
			}
		}
	]
}